ISO-10303-21;
HEADER;
/* Generated by software containing ST-Developer
 * from STEP Tools, Inc. (www.steptools.com) 
 */

FILE_DESCRIPTION(
/* description */ (''),
/* implementation_level */ '2;1');

FILE_NAME(
/* name */ 'case.step',
/* time_stamp */ '2026-08-14T19:54:20+01:00',
/* author */ (''),
/* organization */ (''),
/* preprocessor_version */ 'ST-DEVELOPER v20.1',
/* originating_system */ 'Autodesk Translation Framework v15.8.0.0',
/* authorisation */ '');

FILE_SCHEMA (('AUTOMOTIVE_DESIGN { 1 0 10303 214 3 1 1 }'));
ENDSEC;

DATA;
#10=MECHANICAL_DESIGN_GEOMETRIC_PRESENTATION_REPRESENTATION('',(#13),#2687);
#11=SHAPE_REPRESENTATION_RELATIONSHIP('SRR','None',#2694,#12);
#12=ADVANCED_BREP_SHAPE_REPRESENTATION('',(#14),#2686);
#13=STYLED_ITEM('',(#2703),#14);
#14=MANIFOLD_SOLID_BREP('Body1',#1559);
#15=FACE_BOUND('',#292,.T.);
#16=FACE_BOUND('',#311,.T.);
#17=FACE_BOUND('',#313,.T.);
#18=FACE_BOUND('',#314,.T.);
#19=FACE_BOUND('',#315,.T.);
#20=FACE_BOUND('',#316,.T.);
#21=FACE_BOUND('',#317,.T.);
#22=FACE_BOUND('',#318,.T.);
#23=FACE_BOUND('',#319,.T.);
#24=FACE_BOUND('',#320,.T.);
#25=FACE_BOUND('',#323,.T.);
#26=FACE_BOUND('',#326,.T.);
#27=FACE_BOUND('',#329,.T.);
#28=FACE_BOUND('',#347,.T.);
#29=FACE_BOUND('',#348,.T.);
#30=FACE_BOUND('',#349,.T.);
#31=FACE_BOUND('',#350,.T.);
#32=CIRCLE('',#1576,4.00000000000002);
#33=CIRCLE('',#1580,4.00000000000001);
#34=CIRCLE('',#1584,4.00000000000002);
#35=CIRCLE('',#1588,4.00000000000001);
#36=CIRCLE('',#1592,3.99999999999999);
#37=CIRCLE('',#1596,3.99999999999998);
#38=CIRCLE('',#1600,3.99999999999999);
#39=CIRCLE('',#1604,3.99999999999999);
#40=CIRCLE('',#1608,2.00000000000003);
#41=CIRCLE('',#1611,1.99999999999997);
#42=CIRCLE('',#1615,1.99999999999999);
#43=CIRCLE('',#1618,1.99999999999999);
#44=CIRCLE('',#1622,3.99999999999997);
#45=CIRCLE('',#1626,3.99999999999998);
#46=CIRCLE('',#1630,3.99999999999991);
#47=CIRCLE('',#1633,3.99999999999998);
#48=CIRCLE('',#1637,3.99999999999999);
#49=CIRCLE('',#1640,3.99999999999991);
#50=CIRCLE('',#1644,3.99999999999995);
#51=CIRCLE('',#1648,3.99999999999992);
#52=CIRCLE('',#1651,3.99999999999995);
#53=CIRCLE('',#1655,3.99999999999997);
#54=CIRCLE('',#1658,4.00000000000002);
#55=CIRCLE('',#1662,1.99999999999999);
#56=CIRCLE('',#1664,3.99999999999999);
#57=CIRCLE('',#1665,3.99999999999998);
#58=CIRCLE('',#1666,4.00000000000002);
#59=CIRCLE('',#1667,4.00000000000002);
#60=CIRCLE('',#1668,3.99999999999997);
#61=CIRCLE('',#1669,4.00000000000004);
#62=CIRCLE('',#1670,4.00000000000002);
#63=CIRCLE('',#1671,3.99999999999999);
#64=CIRCLE('',#1674,3.99999999999999);
#65=CIRCLE('',#1677,4.00000000000002);
#66=CIRCLE('',#1680,4.00000000000004);
#67=CIRCLE('',#1683,3.99999999999997);
#68=CIRCLE('',#1685,0.899999999999999);
#69=CIRCLE('',#1686,0.899999999999999);
#70=CIRCLE('',#1689,0.899999999999999);
#71=CIRCLE('',#1690,0.899999999999999);
#72=CIRCLE('',#1693,0.899999999999999);
#73=CIRCLE('',#1694,0.899999999999999);
#74=CIRCLE('',#1697,0.899999999999999);
#75=CIRCLE('',#1698,0.899999999999999);
#76=CIRCLE('',#1701,2.354676);
#77=CIRCLE('',#1702,2.354676);
#78=CIRCLE('',#1705,2.354676);
#79=CIRCLE('',#1706,1.99999999999999);
#80=CIRCLE('',#1707,1.99999999999999);
#81=CIRCLE('',#1708,1.99999999999999);
#82=CIRCLE('',#1709,1.99999999999999);
#83=CIRCLE('',#1710,2.354676);
#84=CIRCLE('',#1711,2.354676);
#85=CIRCLE('',#1713,2.354676);
#86=CIRCLE('',#1716,2.354676);
#87=CIRCLE('',#1719,2.354676);
#88=ELLIPSE('',#1575,4.14110472164035,4.00000000000002);
#89=ELLIPSE('',#1579,4.14110472164034,4.00000000000001);
#90=ELLIPSE('',#1583,4.14110472164035,4.00000000000002);
#91=ELLIPSE('',#1587,4.14110472164034,4.00000000000001);
#92=ELLIPSE('',#1591,4.14110472164032,3.99999999999999);
#93=ELLIPSE('',#1595,4.14110472164031,3.99999999999998);
#94=ELLIPSE('',#1599,4.14110472164032,3.99999999999999);
#95=ELLIPSE('',#1603,4.14110472164032,3.99999999999999);
#96=ELLIPSE('',#1607,2.0705523608202,2.00000000000003);
#97=ELLIPSE('',#1610,2.07055236082013,1.99999999999997);
#98=ELLIPSE('',#1614,2.07055236082016,1.99999999999999);
#99=ELLIPSE('',#1617,2.07055236082016,1.99999999999999);
#100=ELLIPSE('',#1621,4.1411047216403,3.99999999999997);
#101=ELLIPSE('',#1625,4.14110472164031,3.99999999999998);
#102=ELLIPSE('',#1629,4.14110472164024,3.99999999999991);
#103=ELLIPSE('',#1632,4.14110472164031,3.99999999999998);
#104=ELLIPSE('',#1636,4.14110472164032,3.99999999999999);
#105=ELLIPSE('',#1639,4.14110472164024,3.99999999999991);
#106=ELLIPSE('',#1643,4.14110472164028,3.99999999999995);
#107=ELLIPSE('',#1647,4.14110472164024,3.99999999999992);
#108=ELLIPSE('',#1650,4.14110472164028,3.99999999999995);
#109=ELLIPSE('',#1654,4.1411047216403,3.99999999999997);
#110=ELLIPSE('',#1657,4.14110472164035,4.00000000000002);
#111=ELLIPSE('',#1661,2.07055236082016,1.99999999999999);
#112=ELLIPSE('',#1723,2.07055236082016,1.99999999999999);
#113=ELLIPSE('',#1726,2.07055236082016,1.99999999999999);
#114=ELLIPSE('',#1729,2.07055236082016,1.99999999999999);
#115=ELLIPSE('',#1732,2.07055236082016,1.99999999999999);
#116=ELLIPSE('',#1735,4.14110472164032,3.99999999999999);
#117=ELLIPSE('',#1738,4.14110472164037,4.00000000000004);
#118=ELLIPSE('',#1741,4.14110472164032,3.99999999999999);
#119=ELLIPSE('',#1744,4.14110472164032,3.99999999999999);
#120=CYLINDRICAL_SURFACE('',#1574,4.00000000000002);
#121=CYLINDRICAL_SURFACE('',#1578,4.00000000000001);
#122=CYLINDRICAL_SURFACE('',#1582,4.00000000000002);
#123=CYLINDRICAL_SURFACE('',#1586,4.00000000000001);
#124=CYLINDRICAL_SURFACE('',#1590,3.99999999999999);
#125=CYLINDRICAL_SURFACE('',#1594,3.99999999999998);
#126=CYLINDRICAL_SURFACE('',#1598,3.99999999999999);
#127=CYLINDRICAL_SURFACE('',#1602,3.99999999999999);
#128=CYLINDRICAL_SURFACE('',#1606,2.00000000000003);
#129=CYLINDRICAL_SURFACE('',#1609,1.99999999999997);
#130=CYLINDRICAL_SURFACE('',#1613,1.99999999999999);
#131=CYLINDRICAL_SURFACE('',#1616,1.99999999999999);
#132=CYLINDRICAL_SURFACE('',#1620,3.99999999999997);
#133=CYLINDRICAL_SURFACE('',#1624,3.99999999999998);
#134=CYLINDRICAL_SURFACE('',#1628,3.99999999999991);
#135=CYLINDRICAL_SURFACE('',#1631,3.99999999999998);
#136=CYLINDRICAL_SURFACE('',#1635,3.99999999999999);
#137=CYLINDRICAL_SURFACE('',#1638,3.99999999999991);
#138=CYLINDRICAL_SURFACE('',#1642,3.99999999999995);
#139=CYLINDRICAL_SURFACE('',#1646,3.99999999999992);
#140=CYLINDRICAL_SURFACE('',#1649,3.99999999999995);
#141=CYLINDRICAL_SURFACE('',#1653,3.99999999999997);
#142=CYLINDRICAL_SURFACE('',#1656,4.00000000000002);
#143=CYLINDRICAL_SURFACE('',#1660,1.99999999999999);
#144=CYLINDRICAL_SURFACE('',#1673,3.99999999999999);
#145=CYLINDRICAL_SURFACE('',#1676,4.00000000000002);
#146=CYLINDRICAL_SURFACE('',#1679,4.00000000000004);
#147=CYLINDRICAL_SURFACE('',#1682,3.99999999999997);
#148=CYLINDRICAL_SURFACE('',#1684,0.899999999999999);
#149=CYLINDRICAL_SURFACE('',#1688,0.899999999999999);
#150=CYLINDRICAL_SURFACE('',#1692,0.899999999999999);
#151=CYLINDRICAL_SURFACE('',#1696,0.899999999999999);
#152=CYLINDRICAL_SURFACE('',#1700,2.354676);
#153=CYLINDRICAL_SURFACE('',#1712,2.354676);
#154=CYLINDRICAL_SURFACE('',#1715,2.354676);
#155=CYLINDRICAL_SURFACE('',#1718,2.354676);
#156=CYLINDRICAL_SURFACE('',#1722,1.99999999999999);
#157=CYLINDRICAL_SURFACE('',#1725,1.99999999999999);
#158=CYLINDRICAL_SURFACE('',#1728,1.99999999999999);
#159=CYLINDRICAL_SURFACE('',#1731,1.99999999999999);
#160=CYLINDRICAL_SURFACE('',#1734,3.99999999999999);
#161=CYLINDRICAL_SURFACE('',#1737,4.00000000000004);
#162=CYLINDRICAL_SURFACE('',#1740,3.99999999999999);
#163=CYLINDRICAL_SURFACE('',#1743,3.99999999999999);
#164=FACE_OUTER_BOUND('',#249,.T.);
#165=FACE_OUTER_BOUND('',#250,.T.);
#166=FACE_OUTER_BOUND('',#251,.T.);
#167=FACE_OUTER_BOUND('',#252,.T.);
#168=FACE_OUTER_BOUND('',#253,.T.);
#169=FACE_OUTER_BOUND('',#254,.T.);
#170=FACE_OUTER_BOUND('',#255,.T.);
#171=FACE_OUTER_BOUND('',#256,.T.);
#172=FACE_OUTER_BOUND('',#257,.T.);
#173=FACE_OUTER_BOUND('',#258,.T.);
#174=FACE_OUTER_BOUND('',#259,.T.);
#175=FACE_OUTER_BOUND('',#260,.T.);
#176=FACE_OUTER_BOUND('',#261,.T.);
#177=FACE_OUTER_BOUND('',#262,.T.);
#178=FACE_OUTER_BOUND('',#263,.T.);
#179=FACE_OUTER_BOUND('',#264,.T.);
#180=FACE_OUTER_BOUND('',#265,.T.);
#181=FACE_OUTER_BOUND('',#266,.T.);
#182=FACE_OUTER_BOUND('',#267,.T.);
#183=FACE_OUTER_BOUND('',#268,.T.);
#184=FACE_OUTER_BOUND('',#269,.T.);
#185=FACE_OUTER_BOUND('',#270,.T.);
#186=FACE_OUTER_BOUND('',#271,.T.);
#187=FACE_OUTER_BOUND('',#272,.T.);
#188=FACE_OUTER_BOUND('',#273,.T.);
#189=FACE_OUTER_BOUND('',#274,.T.);
#190=FACE_OUTER_BOUND('',#275,.T.);
#191=FACE_OUTER_BOUND('',#276,.T.);
#192=FACE_OUTER_BOUND('',#277,.T.);
#193=FACE_OUTER_BOUND('',#278,.T.);
#194=FACE_OUTER_BOUND('',#279,.T.);
#195=FACE_OUTER_BOUND('',#280,.T.);
#196=FACE_OUTER_BOUND('',#281,.T.);
#197=FACE_OUTER_BOUND('',#282,.T.);
#198=FACE_OUTER_BOUND('',#283,.T.);
#199=FACE_OUTER_BOUND('',#284,.T.);
#200=FACE_OUTER_BOUND('',#285,.T.);
#201=FACE_OUTER_BOUND('',#286,.T.);
#202=FACE_OUTER_BOUND('',#287,.T.);
#203=FACE_OUTER_BOUND('',#288,.T.);
#204=FACE_OUTER_BOUND('',#289,.T.);
#205=FACE_OUTER_BOUND('',#290,.T.);
#206=FACE_OUTER_BOUND('',#291,.T.);
#207=FACE_OUTER_BOUND('',#293,.T.);
#208=FACE_OUTER_BOUND('',#294,.T.);
#209=FACE_OUTER_BOUND('',#295,.T.);
#210=FACE_OUTER_BOUND('',#296,.T.);
#211=FACE_OUTER_BOUND('',#297,.T.);
#212=FACE_OUTER_BOUND('',#298,.T.);
#213=FACE_OUTER_BOUND('',#299,.T.);
#214=FACE_OUTER_BOUND('',#300,.T.);
#215=FACE_OUTER_BOUND('',#301,.T.);
#216=FACE_OUTER_BOUND('',#302,.T.);
#217=FACE_OUTER_BOUND('',#303,.T.);
#218=FACE_OUTER_BOUND('',#304,.T.);
#219=FACE_OUTER_BOUND('',#305,.T.);
#220=FACE_OUTER_BOUND('',#306,.T.);
#221=FACE_OUTER_BOUND('',#307,.T.);
#222=FACE_OUTER_BOUND('',#308,.T.);
#223=FACE_OUTER_BOUND('',#309,.T.);
#224=FACE_OUTER_BOUND('',#310,.T.);
#225=FACE_OUTER_BOUND('',#312,.T.);
#226=FACE_OUTER_BOUND('',#321,.T.);
#227=FACE_OUTER_BOUND('',#322,.T.);
#228=FACE_OUTER_BOUND('',#324,.T.);
#229=FACE_OUTER_BOUND('',#325,.T.);
#230=FACE_OUTER_BOUND('',#327,.T.);
#231=FACE_OUTER_BOUND('',#328,.T.);
#232=FACE_OUTER_BOUND('',#330,.T.);
#233=FACE_OUTER_BOUND('',#331,.T.);
#234=FACE_OUTER_BOUND('',#332,.T.);
#235=FACE_OUTER_BOUND('',#333,.T.);
#236=FACE_OUTER_BOUND('',#334,.T.);
#237=FACE_OUTER_BOUND('',#335,.T.);
#238=FACE_OUTER_BOUND('',#336,.T.);
#239=FACE_OUTER_BOUND('',#337,.T.);
#240=FACE_OUTER_BOUND('',#338,.T.);
#241=FACE_OUTER_BOUND('',#339,.T.);
#242=FACE_OUTER_BOUND('',#340,.T.);
#243=FACE_OUTER_BOUND('',#341,.T.);
#244=FACE_OUTER_BOUND('',#342,.T.);
#245=FACE_OUTER_BOUND('',#343,.T.);
#246=FACE_OUTER_BOUND('',#344,.T.);
#247=FACE_OUTER_BOUND('',#345,.T.);
#248=FACE_OUTER_BOUND('',#346,.T.);
#249=EDGE_LOOP('',(#989,#990,#991,#992));
#250=EDGE_LOOP('',(#993,#994,#995,#996));
#251=EDGE_LOOP('',(#997,#998,#999,#1000));
#252=EDGE_LOOP('',(#1001,#1002,#1003,#1004));
#253=EDGE_LOOP('',(#1005,#1006,#1007,#1008));
#254=EDGE_LOOP('',(#1009,#1010,#1011,#1012));
#255=EDGE_LOOP('',(#1013,#1014,#1015,#1016));
#256=EDGE_LOOP('',(#1017,#1018,#1019,#1020));
#257=EDGE_LOOP('',(#1021,#1022,#1023,#1024));
#258=EDGE_LOOP('',(#1025,#1026,#1027,#1028));
#259=EDGE_LOOP('',(#1029,#1030,#1031,#1032));
#260=EDGE_LOOP('',(#1033,#1034,#1035,#1036));
#261=EDGE_LOOP('',(#1037,#1038,#1039,#1040));
#262=EDGE_LOOP('',(#1041,#1042,#1043,#1044));
#263=EDGE_LOOP('',(#1045,#1046,#1047,#1048));
#264=EDGE_LOOP('',(#1049,#1050,#1051,#1052));
#265=EDGE_LOOP('',(#1053,#1054,#1055,#1056));
#266=EDGE_LOOP('',(#1057,#1058,#1059,#1060));
#267=EDGE_LOOP('',(#1061,#1062,#1063,#1064));
#268=EDGE_LOOP('',(#1065,#1066,#1067,#1068));
#269=EDGE_LOOP('',(#1069,#1070,#1071,#1072));
#270=EDGE_LOOP('',(#1073,#1074,#1075,#1076));
#271=EDGE_LOOP('',(#1077,#1078,#1079,#1080));
#272=EDGE_LOOP('',(#1081,#1082,#1083,#1084));
#273=EDGE_LOOP('',(#1085,#1086,#1087,#1088));
#274=EDGE_LOOP('',(#1089,#1090,#1091,#1092));
#275=EDGE_LOOP('',(#1093,#1094,#1095,#1096));
#276=EDGE_LOOP('',(#1097,#1098,#1099,#1100));
#277=EDGE_LOOP('',(#1101,#1102,#1103,#1104));
#278=EDGE_LOOP('',(#1105,#1106,#1107,#1108));
#279=EDGE_LOOP('',(#1109,#1110,#1111,#1112));
#280=EDGE_LOOP('',(#1113,#1114,#1115,#1116));
#281=EDGE_LOOP('',(#1117,#1118,#1119,#1120));
#282=EDGE_LOOP('',(#1121,#1122,#1123,#1124));
#283=EDGE_LOOP('',(#1125,#1126,#1127,#1128));
#284=EDGE_LOOP('',(#1129,#1130,#1131,#1132));
#285=EDGE_LOOP('',(#1133,#1134,#1135,#1136));
#286=EDGE_LOOP('',(#1137,#1138,#1139,#1140));
#287=EDGE_LOOP('',(#1141,#1142,#1143,#1144));
#288=EDGE_LOOP('',(#1145,#1146,#1147,#1148));
#289=EDGE_LOOP('',(#1149,#1150,#1151,#1152));
#290=EDGE_LOOP('',(#1153,#1154,#1155,#1156));
#291=EDGE_LOOP('',(#1157,#1158,#1159,#1160,#1161,#1162,#1163,#1164));
#292=EDGE_LOOP('',(#1165,#1166,#1167,#1168,#1169,#1170,#1171,#1172));
#293=EDGE_LOOP('',(#1173,#1174,#1175,#1176));
#294=EDGE_LOOP('',(#1177,#1178,#1179,#1180));
#295=EDGE_LOOP('',(#1181,#1182,#1183,#1184));
#296=EDGE_LOOP('',(#1185,#1186,#1187,#1188));
#297=EDGE_LOOP('',(#1189,#1190,#1191,#1192));
#298=EDGE_LOOP('',(#1193,#1194,#1195,#1196));
#299=EDGE_LOOP('',(#1197,#1198,#1199,#1200));
#300=EDGE_LOOP('',(#1201,#1202,#1203,#1204));
#301=EDGE_LOOP('',(#1205,#1206,#1207,#1208));
#302=EDGE_LOOP('',(#1209));
#303=EDGE_LOOP('',(#1210,#1211,#1212,#1213));
#304=EDGE_LOOP('',(#1214));
#305=EDGE_LOOP('',(#1215,#1216,#1217,#1218));
#306=EDGE_LOOP('',(#1219));
#307=EDGE_LOOP('',(#1220,#1221,#1222,#1223));
#308=EDGE_LOOP('',(#1224));
#309=EDGE_LOOP('',(#1225,#1226,#1227,#1228));
#310=EDGE_LOOP('',(#1229));
#311=EDGE_LOOP('',(#1230));
#312=EDGE_LOOP('',(#1231,#1232,#1233,#1234,#1235,#1236,#1237,#1238));
#313=EDGE_LOOP('',(#1239));
#314=EDGE_LOOP('',(#1240));
#315=EDGE_LOOP('',(#1241,#1242,#1243,#1244,#1245,#1246,#1247,#1248));
#316=EDGE_LOOP('',(#1249));
#317=EDGE_LOOP('',(#1250));
#318=EDGE_LOOP('',(#1251,#1252,#1253,#1254,#1255,#1256,#1257,#1258,#1259,
#1260,#1261,#1262,#1263,#1264,#1265,#1266,#1267,#1268,#1269,#1270,#1271,
#1272,#1273,#1274,#1275,#1276));
#319=EDGE_LOOP('',(#1277,#1278,#1279,#1280,#1281,#1282,#1283,#1284));
#320=EDGE_LOOP('',(#1285,#1286,#1287,#1288,#1289,#1290,#1291,#1292));
#321=EDGE_LOOP('',(#1293,#1294,#1295,#1296));
#322=EDGE_LOOP('',(#1297));
#323=EDGE_LOOP('',(#1298));
#324=EDGE_LOOP('',(#1299,#1300,#1301,#1302));
#325=EDGE_LOOP('',(#1303));
#326=EDGE_LOOP('',(#1304));
#327=EDGE_LOOP('',(#1305,#1306,#1307,#1308));
#328=EDGE_LOOP('',(#1309));
#329=EDGE_LOOP('',(#1310));
#330=EDGE_LOOP('',(#1311,#1312,#1313,#1314));
#331=EDGE_LOOP('',(#1315,#1316,#1317,#1318));
#332=EDGE_LOOP('',(#1319,#1320,#1321,#1322));
#333=EDGE_LOOP('',(#1323,#1324,#1325,#1326));
#334=EDGE_LOOP('',(#1327,#1328,#1329,#1330));
#335=EDGE_LOOP('',(#1331,#1332,#1333,#1334));
#336=EDGE_LOOP('',(#1335,#1336,#1337,#1338));
#337=EDGE_LOOP('',(#1339,#1340,#1341,#1342));
#338=EDGE_LOOP('',(#1343,#1344,#1345,#1346));
#339=EDGE_LOOP('',(#1347,#1348,#1349,#1350));
#340=EDGE_LOOP('',(#1351,#1352,#1353,#1354));
#341=EDGE_LOOP('',(#1355,#1356,#1357,#1358));
#342=EDGE_LOOP('',(#1359,#1360,#1361,#1362));
#343=EDGE_LOOP('',(#1363,#1364,#1365,#1366));
#344=EDGE_LOOP('',(#1367,#1368,#1369,#1370));
#345=EDGE_LOOP('',(#1371,#1372,#1373,#1374));
#346=EDGE_LOOP('',(#1375,#1376,#1377,#1378,#1379,#1380,#1381,#1382));
#347=EDGE_LOOP('',(#1383,#1384,#1385,#1386,#1387,#1388,#1389,#1390));
#348=EDGE_LOOP('',(#1391,#1392,#1393,#1394,#1395,#1396,#1397,#1398));
#349=EDGE_LOOP('',(#1399,#1400,#1401,#1402,#1403,#1404,#1405,#1406,#1407,
#1408,#1409,#1410,#1411,#1412,#1413,#1414,#1415,#1416,#1417,#1418,#1419,
#1420,#1421,#1422,#1423,#1424));
#350=EDGE_LOOP('',(#1425,#1426,#1427,#1428,#1429,#1430,#1431,#1432));
#351=LINE('',#2232,#485);
#352=LINE('',#2234,#486);
#353=LINE('',#2236,#487);
#354=LINE('',#2237,#488);
#355=LINE('',#2242,#489);
#356=LINE('',#2246,#490);
#357=LINE('',#2248,#491);
#358=LINE('',#2249,#492);
#359=LINE('',#2254,#493);
#360=LINE('',#2258,#494);
#361=LINE('',#2260,#495);
#362=LINE('',#2261,#496);
#363=LINE('',#2266,#497);
#364=LINE('',#2270,#498);
#365=LINE('',#2272,#499);
#366=LINE('',#2273,#500);
#367=LINE('',#2280,#501);
#368=LINE('',#2282,#502);
#369=LINE('',#2284,#503);
#370=LINE('',#2285,#504);
#371=LINE('',#2290,#505);
#372=LINE('',#2294,#506);
#373=LINE('',#2296,#507);
#374=LINE('',#2297,#508);
#375=LINE('',#2302,#509);
#376=LINE('',#2306,#510);
#377=LINE('',#2308,#511);
#378=LINE('',#2309,#512);
#379=LINE('',#2314,#513);
#380=LINE('',#2318,#514);
#381=LINE('',#2320,#515);
#382=LINE('',#2321,#516);
#383=LINE('',#2328,#517);
#384=LINE('',#2330,#518);
#385=LINE('',#2332,#519);
#386=LINE('',#2333,#520);
#387=LINE('',#2338,#521);
#388=LINE('',#2344,#522);
#389=LINE('',#2348,#523);
#390=LINE('',#2350,#524);
#391=LINE('',#2351,#525);
#392=LINE('',#2356,#526);
#393=LINE('',#2362,#527);
#394=LINE('',#2366,#528);
#395=LINE('',#2368,#529);
#396=LINE('',#2369,#530);
#397=LINE('',#2374,#531);
#398=LINE('',#2378,#532);
#399=LINE('',#2380,#533);
#400=LINE('',#2381,#534);
#401=LINE('',#2386,#535);
#402=LINE('',#2390,#536);
#403=LINE('',#2392,#537);
#404=LINE('',#2393,#538);
#405=LINE('',#2398,#539);
#406=LINE('',#2404,#540);
#407=LINE('',#2408,#541);
#408=LINE('',#2410,#542);
#409=LINE('',#2411,#543);
#410=LINE('',#2416,#544);
#411=LINE('',#2422,#545);
#412=LINE('',#2426,#546);
#413=LINE('',#2428,#547);
#414=LINE('',#2429,#548);
#415=LINE('',#2434,#549);
#416=LINE('',#2438,#550);
#417=LINE('',#2440,#551);
#418=LINE('',#2441,#552);
#419=LINE('',#2446,#553);
#420=LINE('',#2452,#554);
#421=LINE('',#2456,#555);
#422=LINE('',#2458,#556);
#423=LINE('',#2459,#557);
#424=LINE('',#2464,#558);
#425=LINE('',#2470,#559);
#426=LINE('',#2474,#560);
#427=LINE('',#2476,#561);
#428=LINE('',#2477,#562);
#429=LINE('',#2484,#563);
#430=LINE('',#2488,#564);
#431=LINE('',#2492,#565);
#432=LINE('',#2496,#566);
#433=LINE('',#2502,#567);
#434=LINE('',#2506,#568);
#435=LINE('',#2510,#569);
#436=LINE('',#2513,#570);
#437=LINE('',#2517,#571);
#438=LINE('',#2518,#572);
#439=LINE('',#2519,#573);
#440=LINE('',#2523,#574);
#441=LINE('',#2526,#575);
#442=LINE('',#2527,#576);
#443=LINE('',#2531,#577);
#444=LINE('',#2534,#578);
#445=LINE('',#2535,#579);
#446=LINE('',#2539,#580);
#447=LINE('',#2542,#581);
#448=LINE('',#2543,#582);
#449=LINE('',#2550,#583);
#450=LINE('',#2557,#584);
#451=LINE('',#2564,#585);
#452=LINE('',#2571,#586);
#453=LINE('',#2578,#587);
#454=LINE('',#2586,#588);
#455=LINE('',#2590,#589);
#456=LINE('',#2594,#590);
#457=LINE('',#2598,#591);
#458=LINE('',#2607,#592);
#459=LINE('',#2612,#593);
#460=LINE('',#2617,#594);
#461=LINE('',#2622,#595);
#462=LINE('',#2623,#596);
#463=LINE('',#2624,#597);
#464=LINE('',#2628,#598);
#465=LINE('',#2631,#599);
#466=LINE('',#2632,#600);
#467=LINE('',#2636,#601);
#468=LINE('',#2639,#602);
#469=LINE('',#2640,#603);
#470=LINE('',#2644,#604);
#471=LINE('',#2647,#605);
#472=LINE('',#2648,#606);
#473=LINE('',#2654,#607);
#474=LINE('',#2655,#608);
#475=LINE('',#2656,#609);
#476=LINE('',#2660,#610);
#477=LINE('',#2663,#611);
#478=LINE('',#2664,#612);
#479=LINE('',#2668,#613);
#480=LINE('',#2671,#614);
#481=LINE('',#2672,#615);
#482=LINE('',#2676,#616);
#483=LINE('',#2679,#617);
#484=LINE('',#2680,#618);
#485=VECTOR('',#1750,10.);
#486=VECTOR('',#1751,10.);
#487=VECTOR('',#1752,10.);
#488=VECTOR('',#1753,10.);
#489=VECTOR('',#1758,10.);
#490=VECTOR('',#1763,10.);
#491=VECTOR('',#1764,10.);
#492=VECTOR('',#1765,10.);
#493=VECTOR('',#1770,10.);
#494=VECTOR('',#1775,10.);
#495=VECTOR('',#1776,10.);
#496=VECTOR('',#1777,10.);
#497=VECTOR('',#1782,10.);
#498=VECTOR('',#1787,10.);
#499=VECTOR('',#1788,10.);
#500=VECTOR('',#1789,10.);
#501=VECTOR('',#1798,10.);
#502=VECTOR('',#1799,10.);
#503=VECTOR('',#1800,10.);
#504=VECTOR('',#1801,10.);
#505=VECTOR('',#1806,10.);
#506=VECTOR('',#1811,10.);
#507=VECTOR('',#1812,10.);
#508=VECTOR('',#1813,10.);
#509=VECTOR('',#1818,10.);
#510=VECTOR('',#1823,10.);
#511=VECTOR('',#1824,10.);
#512=VECTOR('',#1825,10.);
#513=VECTOR('',#1830,10.);
#514=VECTOR('',#1835,10.);
#515=VECTOR('',#1836,10.);
#516=VECTOR('',#1837,10.);
#517=VECTOR('',#1846,10.);
#518=VECTOR('',#1847,10.);
#519=VECTOR('',#1848,10.);
#520=VECTOR('',#1849,10.);
#521=VECTOR('',#1854,10.);
#522=VECTOR('',#1861,10.);
#523=VECTOR('',#1866,10.);
#524=VECTOR('',#1867,10.);
#525=VECTOR('',#1868,10.);
#526=VECTOR('',#1873,10.);
#527=VECTOR('',#1880,10.);
#528=VECTOR('',#1885,10.);
#529=VECTOR('',#1886,10.);
#530=VECTOR('',#1887,10.);
#531=VECTOR('',#1892,10.);
#532=VECTOR('',#1897,10.);
#533=VECTOR('',#1898,10.);
#534=VECTOR('',#1899,10.);
#535=VECTOR('',#1904,10.);
#536=VECTOR('',#1909,10.);
#537=VECTOR('',#1910,10.);
#538=VECTOR('',#1911,10.);
#539=VECTOR('',#1916,10.);
#540=VECTOR('',#1923,10.);
#541=VECTOR('',#1928,10.);
#542=VECTOR('',#1929,10.);
#543=VECTOR('',#1930,10.);
#544=VECTOR('',#1935,10.);
#545=VECTOR('',#1942,10.);
#546=VECTOR('',#1947,10.);
#547=VECTOR('',#1948,10.);
#548=VECTOR('',#1949,10.);
#549=VECTOR('',#1954,10.);
#550=VECTOR('',#1959,10.);
#551=VECTOR('',#1960,10.);
#552=VECTOR('',#1961,10.);
#553=VECTOR('',#1966,10.);
#554=VECTOR('',#1973,10.);
#555=VECTOR('',#1978,10.);
#556=VECTOR('',#1979,10.);
#557=VECTOR('',#1980,10.);
#558=VECTOR('',#1985,10.);
#559=VECTOR('',#1992,10.);
#560=VECTOR('',#1997,10.);
#561=VECTOR('',#1998,10.);
#562=VECTOR('',#1999,10.);
#563=VECTOR('',#2008,10.);
#564=VECTOR('',#2011,10.);
#565=VECTOR('',#2014,10.);
#566=VECTOR('',#2017,10.);
#567=VECTOR('',#2022,10.);
#568=VECTOR('',#2025,10.);
#569=VECTOR('',#2028,10.);
#570=VECTOR('',#2031,10.);
#571=VECTOR('',#2034,10.);
#572=VECTOR('',#2035,10.);
#573=VECTOR('',#2036,10.);
#574=VECTOR('',#2041,10.);
#575=VECTOR('',#2044,10.);
#576=VECTOR('',#2045,10.);
#577=VECTOR('',#2050,10.);
#578=VECTOR('',#2053,10.);
#579=VECTOR('',#2054,10.);
#580=VECTOR('',#2059,10.);
#581=VECTOR('',#2062,10.);
#582=VECTOR('',#2063,10.);
#583=VECTOR('',#2072,0.899999999999999);
#584=VECTOR('',#2081,0.899999999999999);
#585=VECTOR('',#2090,0.899999999999999);
#586=VECTOR('',#2099,0.899999999999999);
#587=VECTOR('',#2108,2.354676);
#588=VECTOR('',#2117,10.);
#589=VECTOR('',#2120,10.);
#590=VECTOR('',#2123,10.);
#591=VECTOR('',#2126,10.);
#592=VECTOR('',#2137,2.354676);
#593=VECTOR('',#2144,2.354676);
#594=VECTOR('',#2151,2.354676);
#595=VECTOR('',#2156,10.);
#596=VECTOR('',#2157,10.);
#597=VECTOR('',#2158,10.);
#598=VECTOR('',#2163,10.);
#599=VECTOR('',#2166,10.);
#600=VECTOR('',#2167,10.);
#601=VECTOR('',#2172,10.);
#602=VECTOR('',#2175,10.);
#603=VECTOR('',#2176,10.);
#604=VECTOR('',#2181,10.);
#605=VECTOR('',#2184,10.);
#606=VECTOR('',#2185,10.);
#607=VECTOR('',#2192,10.);
#608=VECTOR('',#2193,10.);
#609=VECTOR('',#2194,10.);
#610=VECTOR('',#2199,10.);
#611=VECTOR('',#2202,10.);
#612=VECTOR('',#2203,10.);
#613=VECTOR('',#2208,10.);
#614=VECTOR('',#2211,10.);
#615=VECTOR('',#2212,10.);
#616=VECTOR('',#2217,10.);
#617=VECTOR('',#2220,10.);
#618=VECTOR('',#2221,10.);
#619=VERTEX_POINT('',#2230);
#620=VERTEX_POINT('',#2231);
#621=VERTEX_POINT('',#2233);
#622=VERTEX_POINT('',#2235);
#623=VERTEX_POINT('',#2239);
#624=VERTEX_POINT('',#2241);
#625=VERTEX_POINT('',#2245);
#626=VERTEX_POINT('',#2247);
#627=VERTEX_POINT('',#2251);
#628=VERTEX_POINT('',#2253);
#629=VERTEX_POINT('',#2257);
#630=VERTEX_POINT('',#2259);
#631=VERTEX_POINT('',#2263);
#632=VERTEX_POINT('',#2265);
#633=VERTEX_POINT('',#2269);
#634=VERTEX_POINT('',#2271);
#635=VERTEX_POINT('',#2278);
#636=VERTEX_POINT('',#2279);
#637=VERTEX_POINT('',#2281);
#638=VERTEX_POINT('',#2283);
#639=VERTEX_POINT('',#2287);
#640=VERTEX_POINT('',#2289);
#641=VERTEX_POINT('',#2293);
#642=VERTEX_POINT('',#2295);
#643=VERTEX_POINT('',#2299);
#644=VERTEX_POINT('',#2301);
#645=VERTEX_POINT('',#2305);
#646=VERTEX_POINT('',#2307);
#647=VERTEX_POINT('',#2311);
#648=VERTEX_POINT('',#2313);
#649=VERTEX_POINT('',#2317);
#650=VERTEX_POINT('',#2319);
#651=VERTEX_POINT('',#2326);
#652=VERTEX_POINT('',#2327);
#653=VERTEX_POINT('',#2329);
#654=VERTEX_POINT('',#2331);
#655=VERTEX_POINT('',#2335);
#656=VERTEX_POINT('',#2337);
#657=VERTEX_POINT('',#2341);
#658=VERTEX_POINT('',#2343);
#659=VERTEX_POINT('',#2347);
#660=VERTEX_POINT('',#2349);
#661=VERTEX_POINT('',#2353);
#662=VERTEX_POINT('',#2355);
#663=VERTEX_POINT('',#2359);
#664=VERTEX_POINT('',#2361);
#665=VERTEX_POINT('',#2365);
#666=VERTEX_POINT('',#2367);
#667=VERTEX_POINT('',#2371);
#668=VERTEX_POINT('',#2373);
#669=VERTEX_POINT('',#2377);
#670=VERTEX_POINT('',#2379);
#671=VERTEX_POINT('',#2383);
#672=VERTEX_POINT('',#2385);
#673=VERTEX_POINT('',#2389);
#674=VERTEX_POINT('',#2391);
#675=VERTEX_POINT('',#2395);
#676=VERTEX_POINT('',#2397);
#677=VERTEX_POINT('',#2401);
#678=VERTEX_POINT('',#2403);
#679=VERTEX_POINT('',#2407);
#680=VERTEX_POINT('',#2409);
#681=VERTEX_POINT('',#2413);
#682=VERTEX_POINT('',#2415);
#683=VERTEX_POINT('',#2419);
#684=VERTEX_POINT('',#2421);
#685=VERTEX_POINT('',#2425);
#686=VERTEX_POINT('',#2427);
#687=VERTEX_POINT('',#2431);
#688=VERTEX_POINT('',#2433);
#689=VERTEX_POINT('',#2437);
#690=VERTEX_POINT('',#2439);
#691=VERTEX_POINT('',#2443);
#692=VERTEX_POINT('',#2445);
#693=VERTEX_POINT('',#2449);
#694=VERTEX_POINT('',#2451);
#695=VERTEX_POINT('',#2455);
#696=VERTEX_POINT('',#2457);
#697=VERTEX_POINT('',#2461);
#698=VERTEX_POINT('',#2463);
#699=VERTEX_POINT('',#2467);
#700=VERTEX_POINT('',#2469);
#701=VERTEX_POINT('',#2473);
#702=VERTEX_POINT('',#2475);
#703=VERTEX_POINT('',#2482);
#704=VERTEX_POINT('',#2483);
#705=VERTEX_POINT('',#2485);
#706=VERTEX_POINT('',#2487);
#707=VERTEX_POINT('',#2489);
#708=VERTEX_POINT('',#2491);
#709=VERTEX_POINT('',#2493);
#710=VERTEX_POINT('',#2495);
#711=VERTEX_POINT('',#2498);
#712=VERTEX_POINT('',#2499);
#713=VERTEX_POINT('',#2501);
#714=VERTEX_POINT('',#2503);
#715=VERTEX_POINT('',#2505);
#716=VERTEX_POINT('',#2507);
#717=VERTEX_POINT('',#2509);
#718=VERTEX_POINT('',#2511);
#719=VERTEX_POINT('',#2515);
#720=VERTEX_POINT('',#2516);
#721=VERTEX_POINT('',#2521);
#722=VERTEX_POINT('',#2525);
#723=VERTEX_POINT('',#2529);
#724=VERTEX_POINT('',#2533);
#725=VERTEX_POINT('',#2537);
#726=VERTEX_POINT('',#2541);
#727=VERTEX_POINT('',#2547);
#728=VERTEX_POINT('',#2549);
#729=VERTEX_POINT('',#2554);
#730=VERTEX_POINT('',#2556);
#731=VERTEX_POINT('',#2561);
#732=VERTEX_POINT('',#2563);
#733=VERTEX_POINT('',#2568);
#734=VERTEX_POINT('',#2570);
#735=VERTEX_POINT('',#2575);
#736=VERTEX_POINT('',#2577);
#737=VERTEX_POINT('',#2582);
#738=VERTEX_POINT('',#2584);
#739=VERTEX_POINT('',#2585);
#740=VERTEX_POINT('',#2587);
#741=VERTEX_POINT('',#2589);
#742=VERTEX_POINT('',#2591);
#743=VERTEX_POINT('',#2593);
#744=VERTEX_POINT('',#2595);
#745=VERTEX_POINT('',#2597);
#746=VERTEX_POINT('',#2600);
#747=VERTEX_POINT('',#2602);
#748=VERTEX_POINT('',#2605);
#749=VERTEX_POINT('',#2610);
#750=VERTEX_POINT('',#2615);
#751=VERTEX_POINT('',#2620);
#752=VERTEX_POINT('',#2621);
#753=VERTEX_POINT('',#2626);
#754=VERTEX_POINT('',#2630);
#755=VERTEX_POINT('',#2634);
#756=VERTEX_POINT('',#2638);
#757=VERTEX_POINT('',#2642);
#758=VERTEX_POINT('',#2646);
#759=VERTEX_POINT('',#2652);
#760=VERTEX_POINT('',#2653);
#761=VERTEX_POINT('',#2658);
#762=VERTEX_POINT('',#2662);
#763=VERTEX_POINT('',#2666);
#764=VERTEX_POINT('',#2670);
#765=VERTEX_POINT('',#2674);
#766=VERTEX_POINT('',#2678);
#767=EDGE_CURVE('',#619,#620,#351,.F.);
#768=EDGE_CURVE('',#619,#621,#352,.T.);
#769=EDGE_CURVE('',#622,#621,#353,.T.);
#770=EDGE_CURVE('',#620,#622,#354,.T.);
#771=EDGE_CURVE('',#623,#619,#88,.F.);
#772=EDGE_CURVE('',#623,#624,#355,.T.);
#773=EDGE_CURVE('',#621,#624,#32,.T.);
#774=EDGE_CURVE('',#625,#623,#356,.F.);
#775=EDGE_CURVE('',#625,#626,#357,.T.);
#776=EDGE_CURVE('',#624,#626,#358,.T.);
#777=EDGE_CURVE('',#627,#625,#89,.F.);
#778=EDGE_CURVE('',#627,#628,#359,.T.);
#779=EDGE_CURVE('',#626,#628,#33,.T.);
#780=EDGE_CURVE('',#629,#627,#360,.F.);
#781=EDGE_CURVE('',#629,#630,#361,.T.);
#782=EDGE_CURVE('',#628,#630,#362,.T.);
#783=EDGE_CURVE('',#631,#629,#90,.F.);
#784=EDGE_CURVE('',#631,#632,#363,.T.);
#785=EDGE_CURVE('',#630,#632,#34,.T.);
#786=EDGE_CURVE('',#633,#631,#364,.F.);
#787=EDGE_CURVE('',#633,#634,#365,.T.);
#788=EDGE_CURVE('',#632,#634,#366,.T.);
#789=EDGE_CURVE('',#620,#633,#91,.F.);
#790=EDGE_CURVE('',#634,#622,#35,.T.);
#791=EDGE_CURVE('',#635,#636,#367,.F.);
#792=EDGE_CURVE('',#635,#637,#368,.T.);
#793=EDGE_CURVE('',#638,#637,#369,.T.);
#794=EDGE_CURVE('',#636,#638,#370,.T.);
#795=EDGE_CURVE('',#639,#635,#92,.F.);
#796=EDGE_CURVE('',#639,#640,#371,.T.);
#797=EDGE_CURVE('',#637,#640,#36,.T.);
#798=EDGE_CURVE('',#641,#639,#372,.F.);
#799=EDGE_CURVE('',#641,#642,#373,.T.);
#800=EDGE_CURVE('',#640,#642,#374,.T.);
#801=EDGE_CURVE('',#643,#641,#93,.F.);
#802=EDGE_CURVE('',#643,#644,#375,.T.);
#803=EDGE_CURVE('',#642,#644,#37,.T.);
#804=EDGE_CURVE('',#645,#643,#376,.F.);
#805=EDGE_CURVE('',#645,#646,#377,.T.);
#806=EDGE_CURVE('',#644,#646,#378,.T.);
#807=EDGE_CURVE('',#647,#645,#94,.F.);
#808=EDGE_CURVE('',#647,#648,#379,.T.);
#809=EDGE_CURVE('',#646,#648,#38,.T.);
#810=EDGE_CURVE('',#649,#647,#380,.F.);
#811=EDGE_CURVE('',#649,#650,#381,.T.);
#812=EDGE_CURVE('',#648,#650,#382,.T.);
#813=EDGE_CURVE('',#636,#649,#95,.F.);
#814=EDGE_CURVE('',#650,#638,#39,.T.);
#815=EDGE_CURVE('',#651,#652,#383,.F.);
#816=EDGE_CURVE('',#651,#653,#384,.T.);
#817=EDGE_CURVE('',#654,#653,#385,.T.);
#818=EDGE_CURVE('',#652,#654,#386,.T.);
#819=EDGE_CURVE('',#655,#651,#96,.F.);
#820=EDGE_CURVE('',#655,#656,#387,.T.);
#821=EDGE_CURVE('',#653,#656,#40,.T.);
#822=EDGE_CURVE('',#657,#655,#97,.F.);
#823=EDGE_CURVE('',#657,#658,#388,.T.);
#824=EDGE_CURVE('',#656,#658,#41,.T.);
#825=EDGE_CURVE('',#659,#657,#389,.F.);
#826=EDGE_CURVE('',#659,#660,#390,.T.);
#827=EDGE_CURVE('',#658,#660,#391,.T.);
#828=EDGE_CURVE('',#661,#659,#98,.F.);
#829=EDGE_CURVE('',#661,#662,#392,.T.);
#830=EDGE_CURVE('',#660,#662,#42,.T.);
#831=EDGE_CURVE('',#663,#661,#99,.F.);
#832=EDGE_CURVE('',#663,#664,#393,.T.);
#833=EDGE_CURVE('',#662,#664,#43,.T.);
#834=EDGE_CURVE('',#665,#663,#394,.F.);
#835=EDGE_CURVE('',#665,#666,#395,.T.);
#836=EDGE_CURVE('',#664,#666,#396,.T.);
#837=EDGE_CURVE('',#667,#665,#100,.F.);
#838=EDGE_CURVE('',#667,#668,#397,.T.);
#839=EDGE_CURVE('',#666,#668,#44,.T.);
#840=EDGE_CURVE('',#669,#667,#398,.F.);
#841=EDGE_CURVE('',#669,#670,#399,.T.);
#842=EDGE_CURVE('',#668,#670,#400,.T.);
#843=EDGE_CURVE('',#671,#669,#101,.F.);
#844=EDGE_CURVE('',#671,#672,#401,.T.);
#845=EDGE_CURVE('',#670,#672,#45,.T.);
#846=EDGE_CURVE('',#673,#671,#402,.F.);
#847=EDGE_CURVE('',#673,#674,#403,.T.);
#848=EDGE_CURVE('',#672,#674,#404,.T.);
#849=EDGE_CURVE('',#675,#673,#102,.F.);
#850=EDGE_CURVE('',#675,#676,#405,.T.);
#851=EDGE_CURVE('',#674,#676,#46,.T.);
#852=EDGE_CURVE('',#677,#675,#103,.F.);
#853=EDGE_CURVE('',#677,#678,#406,.T.);
#854=EDGE_CURVE('',#676,#678,#47,.T.);
#855=EDGE_CURVE('',#679,#677,#407,.F.);
#856=EDGE_CURVE('',#679,#680,#408,.T.);
#857=EDGE_CURVE('',#678,#680,#409,.T.);
#858=EDGE_CURVE('',#681,#679,#104,.F.);
#859=EDGE_CURVE('',#681,#682,#410,.T.);
#860=EDGE_CURVE('',#680,#682,#48,.T.);
#861=EDGE_CURVE('',#683,#681,#105,.F.);
#862=EDGE_CURVE('',#683,#684,#411,.T.);
#863=EDGE_CURVE('',#682,#684,#49,.T.);
#864=EDGE_CURVE('',#685,#683,#412,.F.);
#865=EDGE_CURVE('',#685,#686,#413,.T.);
#866=EDGE_CURVE('',#684,#686,#414,.T.);
#867=EDGE_CURVE('',#687,#685,#106,.F.);
#868=EDGE_CURVE('',#687,#688,#415,.T.);
#869=EDGE_CURVE('',#686,#688,#50,.T.);
#870=EDGE_CURVE('',#689,#687,#416,.F.);
#871=EDGE_CURVE('',#689,#690,#417,.T.);
#872=EDGE_CURVE('',#688,#690,#418,.T.);
#873=EDGE_CURVE('',#691,#689,#107,.F.);
#874=EDGE_CURVE('',#691,#692,#419,.T.);
#875=EDGE_CURVE('',#690,#692,#51,.T.);
#876=EDGE_CURVE('',#693,#691,#108,.F.);
#877=EDGE_CURVE('',#693,#694,#420,.T.);
#878=EDGE_CURVE('',#692,#694,#52,.T.);
#879=EDGE_CURVE('',#695,#693,#421,.F.);
#880=EDGE_CURVE('',#695,#696,#422,.T.);
#881=EDGE_CURVE('',#694,#696,#423,.T.);
#882=EDGE_CURVE('',#697,#695,#109,.F.);
#883=EDGE_CURVE('',#697,#698,#424,.T.);
#884=EDGE_CURVE('',#696,#698,#53,.T.);
#885=EDGE_CURVE('',#699,#697,#110,.F.);
#886=EDGE_CURVE('',#699,#700,#425,.T.);
#887=EDGE_CURVE('',#698,#700,#54,.T.);
#888=EDGE_CURVE('',#701,#699,#426,.F.);
#889=EDGE_CURVE('',#701,#702,#427,.T.);
#890=EDGE_CURVE('',#700,#702,#428,.T.);
#891=EDGE_CURVE('',#652,#701,#111,.F.);
#892=EDGE_CURVE('',#702,#654,#55,.T.);
#893=EDGE_CURVE('',#703,#704,#429,.T.);
#894=EDGE_CURVE('',#704,#705,#56,.T.);
#895=EDGE_CURVE('',#705,#706,#430,.T.);
#896=EDGE_CURVE('',#706,#707,#57,.T.);
#897=EDGE_CURVE('',#707,#708,#431,.T.);
#898=EDGE_CURVE('',#708,#709,#58,.T.);
#899=EDGE_CURVE('',#709,#710,#432,.T.);
#900=EDGE_CURVE('',#710,#703,#59,.T.);
#901=EDGE_CURVE('',#711,#712,#60,.T.);
#902=EDGE_CURVE('',#712,#713,#433,.T.);
#903=EDGE_CURVE('',#713,#714,#61,.T.);
#904=EDGE_CURVE('',#714,#715,#434,.T.);
#905=EDGE_CURVE('',#715,#716,#62,.T.);
#906=EDGE_CURVE('',#716,#717,#435,.T.);
#907=EDGE_CURVE('',#717,#718,#63,.T.);
#908=EDGE_CURVE('',#718,#711,#436,.T.);
#909=EDGE_CURVE('',#719,#720,#437,.T.);
#910=EDGE_CURVE('',#719,#711,#438,.T.);
#911=EDGE_CURVE('',#720,#718,#439,.T.);
#912=EDGE_CURVE('',#720,#721,#64,.T.);
#913=EDGE_CURVE('',#721,#717,#440,.T.);
#914=EDGE_CURVE('',#721,#722,#441,.T.);
#915=EDGE_CURVE('',#722,#716,#442,.T.);
#916=EDGE_CURVE('',#722,#723,#65,.T.);
#917=EDGE_CURVE('',#723,#715,#443,.T.);
#918=EDGE_CURVE('',#723,#724,#444,.T.);
#919=EDGE_CURVE('',#724,#714,#445,.T.);
#920=EDGE_CURVE('',#724,#725,#66,.T.);
#921=EDGE_CURVE('',#725,#713,#446,.T.);
#922=EDGE_CURVE('',#725,#726,#447,.T.);
#923=EDGE_CURVE('',#726,#712,#448,.T.);
#924=EDGE_CURVE('',#726,#719,#67,.T.);
#925=EDGE_CURVE('',#727,#727,#68,.T.);
#926=EDGE_CURVE('',#727,#728,#449,.T.);
#927=EDGE_CURVE('',#728,#728,#69,.T.);
#928=EDGE_CURVE('',#729,#729,#70,.T.);
#929=EDGE_CURVE('',#729,#730,#450,.T.);
#930=EDGE_CURVE('',#730,#730,#71,.T.);
#931=EDGE_CURVE('',#731,#731,#72,.T.);
#932=EDGE_CURVE('',#731,#732,#451,.T.);
#933=EDGE_CURVE('',#732,#732,#73,.T.);
#934=EDGE_CURVE('',#733,#733,#74,.T.);
#935=EDGE_CURVE('',#733,#734,#452,.T.);
#936=EDGE_CURVE('',#734,#734,#75,.T.);
#937=EDGE_CURVE('',#735,#735,#76,.T.);
#938=EDGE_CURVE('',#735,#736,#453,.T.);
#939=EDGE_CURVE('',#736,#736,#77,.T.);
#940=EDGE_CURVE('',#737,#737,#78,.T.);
#941=EDGE_CURVE('',#738,#739,#454,.T.);
#942=EDGE_CURVE('',#739,#740,#79,.T.);
#943=EDGE_CURVE('',#740,#741,#455,.T.);
#944=EDGE_CURVE('',#741,#742,#80,.T.);
#945=EDGE_CURVE('',#742,#743,#456,.T.);
#946=EDGE_CURVE('',#743,#744,#81,.T.);
#947=EDGE_CURVE('',#744,#745,#457,.T.);
#948=EDGE_CURVE('',#745,#738,#82,.T.);
#949=EDGE_CURVE('',#746,#746,#83,.T.);
#950=EDGE_CURVE('',#747,#747,#84,.T.);
#951=EDGE_CURVE('',#748,#748,#85,.T.);
#952=EDGE_CURVE('',#748,#747,#458,.T.);
#953=EDGE_CURVE('',#749,#749,#86,.T.);
#954=EDGE_CURVE('',#749,#737,#459,.T.);
#955=EDGE_CURVE('',#750,#750,#87,.T.);
#956=EDGE_CURVE('',#750,#746,#460,.T.);
#957=EDGE_CURVE('',#751,#752,#461,.F.);
#958=EDGE_CURVE('',#743,#751,#462,.T.);
#959=EDGE_CURVE('',#742,#752,#463,.T.);
#960=EDGE_CURVE('',#752,#753,#112,.F.);
#961=EDGE_CURVE('',#741,#753,#464,.T.);
#962=EDGE_CURVE('',#753,#754,#465,.F.);
#963=EDGE_CURVE('',#740,#754,#466,.T.);
#964=EDGE_CURVE('',#754,#755,#113,.F.);
#965=EDGE_CURVE('',#739,#755,#467,.T.);
#966=EDGE_CURVE('',#755,#756,#468,.F.);
#967=EDGE_CURVE('',#738,#756,#469,.T.);
#968=EDGE_CURVE('',#756,#757,#114,.F.);
#969=EDGE_CURVE('',#745,#757,#470,.T.);
#970=EDGE_CURVE('',#757,#758,#471,.F.);
#971=EDGE_CURVE('',#744,#758,#472,.T.);
#972=EDGE_CURVE('',#758,#751,#115,.F.);
#973=EDGE_CURVE('',#759,#760,#473,.T.);
#974=EDGE_CURVE('',#759,#704,#474,.T.);
#975=EDGE_CURVE('',#760,#703,#475,.T.);
#976=EDGE_CURVE('',#760,#761,#116,.T.);
#977=EDGE_CURVE('',#761,#710,#476,.T.);
#978=EDGE_CURVE('',#761,#762,#477,.T.);
#979=EDGE_CURVE('',#762,#709,#478,.T.);
#980=EDGE_CURVE('',#762,#763,#117,.T.);
#981=EDGE_CURVE('',#763,#708,#479,.T.);
#982=EDGE_CURVE('',#763,#764,#480,.T.);
#983=EDGE_CURVE('',#764,#707,#481,.T.);
#984=EDGE_CURVE('',#764,#765,#118,.T.);
#985=EDGE_CURVE('',#765,#706,#482,.T.);
#986=EDGE_CURVE('',#765,#766,#483,.T.);
#987=EDGE_CURVE('',#766,#705,#484,.T.);
#988=EDGE_CURVE('',#766,#759,#119,.T.);
#989=ORIENTED_EDGE('',*,*,#767,.F.);
#990=ORIENTED_EDGE('',*,*,#768,.T.);
#991=ORIENTED_EDGE('',*,*,#769,.F.);
#992=ORIENTED_EDGE('',*,*,#770,.F.);
#993=ORIENTED_EDGE('',*,*,#771,.F.);
#994=ORIENTED_EDGE('',*,*,#772,.T.);
#995=ORIENTED_EDGE('',*,*,#773,.F.);
#996=ORIENTED_EDGE('',*,*,#768,.F.);
#997=ORIENTED_EDGE('',*,*,#774,.F.);
#998=ORIENTED_EDGE('',*,*,#775,.T.);
#999=ORIENTED_EDGE('',*,*,#776,.F.);
#1000=ORIENTED_EDGE('',*,*,#772,.F.);
#1001=ORIENTED_EDGE('',*,*,#777,.F.);
#1002=ORIENTED_EDGE('',*,*,#778,.T.);
#1003=ORIENTED_EDGE('',*,*,#779,.F.);
#1004=ORIENTED_EDGE('',*,*,#775,.F.);
#1005=ORIENTED_EDGE('',*,*,#780,.F.);
#1006=ORIENTED_EDGE('',*,*,#781,.T.);
#1007=ORIENTED_EDGE('',*,*,#782,.F.);
#1008=ORIENTED_EDGE('',*,*,#778,.F.);
#1009=ORIENTED_EDGE('',*,*,#783,.F.);
#1010=ORIENTED_EDGE('',*,*,#784,.T.);
#1011=ORIENTED_EDGE('',*,*,#785,.F.);
#1012=ORIENTED_EDGE('',*,*,#781,.F.);
#1013=ORIENTED_EDGE('',*,*,#786,.F.);
#1014=ORIENTED_EDGE('',*,*,#787,.T.);
#1015=ORIENTED_EDGE('',*,*,#788,.F.);
#1016=ORIENTED_EDGE('',*,*,#784,.F.);
#1017=ORIENTED_EDGE('',*,*,#789,.F.);
#1018=ORIENTED_EDGE('',*,*,#770,.T.);
#1019=ORIENTED_EDGE('',*,*,#790,.F.);
#1020=ORIENTED_EDGE('',*,*,#787,.F.);
#1021=ORIENTED_EDGE('',*,*,#791,.F.);
#1022=ORIENTED_EDGE('',*,*,#792,.T.);
#1023=ORIENTED_EDGE('',*,*,#793,.F.);
#1024=ORIENTED_EDGE('',*,*,#794,.F.);
#1025=ORIENTED_EDGE('',*,*,#795,.F.);
#1026=ORIENTED_EDGE('',*,*,#796,.T.);
#1027=ORIENTED_EDGE('',*,*,#797,.F.);
#1028=ORIENTED_EDGE('',*,*,#792,.F.);
#1029=ORIENTED_EDGE('',*,*,#798,.F.);
#1030=ORIENTED_EDGE('',*,*,#799,.T.);
#1031=ORIENTED_EDGE('',*,*,#800,.F.);
#1032=ORIENTED_EDGE('',*,*,#796,.F.);
#1033=ORIENTED_EDGE('',*,*,#801,.F.);
#1034=ORIENTED_EDGE('',*,*,#802,.T.);
#1035=ORIENTED_EDGE('',*,*,#803,.F.);
#1036=ORIENTED_EDGE('',*,*,#799,.F.);
#1037=ORIENTED_EDGE('',*,*,#804,.F.);
#1038=ORIENTED_EDGE('',*,*,#805,.T.);
#1039=ORIENTED_EDGE('',*,*,#806,.F.);
#1040=ORIENTED_EDGE('',*,*,#802,.F.);
#1041=ORIENTED_EDGE('',*,*,#807,.F.);
#1042=ORIENTED_EDGE('',*,*,#808,.T.);
#1043=ORIENTED_EDGE('',*,*,#809,.F.);
#1044=ORIENTED_EDGE('',*,*,#805,.F.);
#1045=ORIENTED_EDGE('',*,*,#810,.F.);
#1046=ORIENTED_EDGE('',*,*,#811,.T.);
#1047=ORIENTED_EDGE('',*,*,#812,.F.);
#1048=ORIENTED_EDGE('',*,*,#808,.F.);
#1049=ORIENTED_EDGE('',*,*,#813,.F.);
#1050=ORIENTED_EDGE('',*,*,#794,.T.);
#1051=ORIENTED_EDGE('',*,*,#814,.F.);
#1052=ORIENTED_EDGE('',*,*,#811,.F.);
#1053=ORIENTED_EDGE('',*,*,#815,.F.);
#1054=ORIENTED_EDGE('',*,*,#816,.T.);
#1055=ORIENTED_EDGE('',*,*,#817,.F.);
#1056=ORIENTED_EDGE('',*,*,#818,.F.);
#1057=ORIENTED_EDGE('',*,*,#819,.F.);
#1058=ORIENTED_EDGE('',*,*,#820,.T.);
#1059=ORIENTED_EDGE('',*,*,#821,.F.);
#1060=ORIENTED_EDGE('',*,*,#816,.F.);
#1061=ORIENTED_EDGE('',*,*,#822,.F.);
#1062=ORIENTED_EDGE('',*,*,#823,.T.);
#1063=ORIENTED_EDGE('',*,*,#824,.F.);
#1064=ORIENTED_EDGE('',*,*,#820,.F.);
#1065=ORIENTED_EDGE('',*,*,#825,.F.);
#1066=ORIENTED_EDGE('',*,*,#826,.T.);
#1067=ORIENTED_EDGE('',*,*,#827,.F.);
#1068=ORIENTED_EDGE('',*,*,#823,.F.);
#1069=ORIENTED_EDGE('',*,*,#828,.F.);
#1070=ORIENTED_EDGE('',*,*,#829,.T.);
#1071=ORIENTED_EDGE('',*,*,#830,.F.);
#1072=ORIENTED_EDGE('',*,*,#826,.F.);
#1073=ORIENTED_EDGE('',*,*,#831,.F.);
#1074=ORIENTED_EDGE('',*,*,#832,.T.);
#1075=ORIENTED_EDGE('',*,*,#833,.F.);
#1076=ORIENTED_EDGE('',*,*,#829,.F.);
#1077=ORIENTED_EDGE('',*,*,#834,.F.);
#1078=ORIENTED_EDGE('',*,*,#835,.T.);
#1079=ORIENTED_EDGE('',*,*,#836,.F.);
#1080=ORIENTED_EDGE('',*,*,#832,.F.);
#1081=ORIENTED_EDGE('',*,*,#837,.F.);
#1082=ORIENTED_EDGE('',*,*,#838,.T.);
#1083=ORIENTED_EDGE('',*,*,#839,.F.);
#1084=ORIENTED_EDGE('',*,*,#835,.F.);
#1085=ORIENTED_EDGE('',*,*,#840,.F.);
#1086=ORIENTED_EDGE('',*,*,#841,.T.);
#1087=ORIENTED_EDGE('',*,*,#842,.F.);
#1088=ORIENTED_EDGE('',*,*,#838,.F.);
#1089=ORIENTED_EDGE('',*,*,#843,.F.);
#1090=ORIENTED_EDGE('',*,*,#844,.T.);
#1091=ORIENTED_EDGE('',*,*,#845,.F.);
#1092=ORIENTED_EDGE('',*,*,#841,.F.);
#1093=ORIENTED_EDGE('',*,*,#846,.F.);
#1094=ORIENTED_EDGE('',*,*,#847,.T.);
#1095=ORIENTED_EDGE('',*,*,#848,.F.);
#1096=ORIENTED_EDGE('',*,*,#844,.F.);
#1097=ORIENTED_EDGE('',*,*,#849,.F.);
#1098=ORIENTED_EDGE('',*,*,#850,.T.);
#1099=ORIENTED_EDGE('',*,*,#851,.F.);
#1100=ORIENTED_EDGE('',*,*,#847,.F.);
#1101=ORIENTED_EDGE('',*,*,#852,.F.);
#1102=ORIENTED_EDGE('',*,*,#853,.T.);
#1103=ORIENTED_EDGE('',*,*,#854,.F.);
#1104=ORIENTED_EDGE('',*,*,#850,.F.);
#1105=ORIENTED_EDGE('',*,*,#855,.F.);
#1106=ORIENTED_EDGE('',*,*,#856,.T.);
#1107=ORIENTED_EDGE('',*,*,#857,.F.);
#1108=ORIENTED_EDGE('',*,*,#853,.F.);
#1109=ORIENTED_EDGE('',*,*,#858,.F.);
#1110=ORIENTED_EDGE('',*,*,#859,.T.);
#1111=ORIENTED_EDGE('',*,*,#860,.F.);
#1112=ORIENTED_EDGE('',*,*,#856,.F.);
#1113=ORIENTED_EDGE('',*,*,#861,.F.);
#1114=ORIENTED_EDGE('',*,*,#862,.T.);
#1115=ORIENTED_EDGE('',*,*,#863,.F.);
#1116=ORIENTED_EDGE('',*,*,#859,.F.);
#1117=ORIENTED_EDGE('',*,*,#864,.F.);
#1118=ORIENTED_EDGE('',*,*,#865,.T.);
#1119=ORIENTED_EDGE('',*,*,#866,.F.);
#1120=ORIENTED_EDGE('',*,*,#862,.F.);
#1121=ORIENTED_EDGE('',*,*,#867,.F.);
#1122=ORIENTED_EDGE('',*,*,#868,.T.);
#1123=ORIENTED_EDGE('',*,*,#869,.F.);
#1124=ORIENTED_EDGE('',*,*,#865,.F.);
#1125=ORIENTED_EDGE('',*,*,#870,.F.);
#1126=ORIENTED_EDGE('',*,*,#871,.T.);
#1127=ORIENTED_EDGE('',*,*,#872,.F.);
#1128=ORIENTED_EDGE('',*,*,#868,.F.);
#1129=ORIENTED_EDGE('',*,*,#873,.F.);
#1130=ORIENTED_EDGE('',*,*,#874,.T.);
#1131=ORIENTED_EDGE('',*,*,#875,.F.);
#1132=ORIENTED_EDGE('',*,*,#871,.F.);
#1133=ORIENTED_EDGE('',*,*,#876,.F.);
#1134=ORIENTED_EDGE('',*,*,#877,.T.);
#1135=ORIENTED_EDGE('',*,*,#878,.F.);
#1136=ORIENTED_EDGE('',*,*,#874,.F.);
#1137=ORIENTED_EDGE('',*,*,#879,.F.);
#1138=ORIENTED_EDGE('',*,*,#880,.T.);
#1139=ORIENTED_EDGE('',*,*,#881,.F.);
#1140=ORIENTED_EDGE('',*,*,#877,.F.);
#1141=ORIENTED_EDGE('',*,*,#882,.F.);
#1142=ORIENTED_EDGE('',*,*,#883,.T.);
#1143=ORIENTED_EDGE('',*,*,#884,.F.);
#1144=ORIENTED_EDGE('',*,*,#880,.F.);
#1145=ORIENTED_EDGE('',*,*,#885,.F.);
#1146=ORIENTED_EDGE('',*,*,#886,.T.);
#1147=ORIENTED_EDGE('',*,*,#887,.F.);
#1148=ORIENTED_EDGE('',*,*,#883,.F.);
#1149=ORIENTED_EDGE('',*,*,#888,.F.);
#1150=ORIENTED_EDGE('',*,*,#889,.T.);
#1151=ORIENTED_EDGE('',*,*,#890,.F.);
#1152=ORIENTED_EDGE('',*,*,#886,.F.);
#1153=ORIENTED_EDGE('',*,*,#891,.F.);
#1154=ORIENTED_EDGE('',*,*,#818,.T.);
#1155=ORIENTED_EDGE('',*,*,#892,.F.);
#1156=ORIENTED_EDGE('',*,*,#889,.F.);
#1157=ORIENTED_EDGE('',*,*,#893,.T.);
#1158=ORIENTED_EDGE('',*,*,#894,.T.);
#1159=ORIENTED_EDGE('',*,*,#895,.T.);
#1160=ORIENTED_EDGE('',*,*,#896,.T.);
#1161=ORIENTED_EDGE('',*,*,#897,.T.);
#1162=ORIENTED_EDGE('',*,*,#898,.T.);
#1163=ORIENTED_EDGE('',*,*,#899,.T.);
#1164=ORIENTED_EDGE('',*,*,#900,.T.);
#1165=ORIENTED_EDGE('',*,*,#901,.T.);
#1166=ORIENTED_EDGE('',*,*,#902,.T.);
#1167=ORIENTED_EDGE('',*,*,#903,.T.);
#1168=ORIENTED_EDGE('',*,*,#904,.T.);
#1169=ORIENTED_EDGE('',*,*,#905,.T.);
#1170=ORIENTED_EDGE('',*,*,#906,.T.);
#1171=ORIENTED_EDGE('',*,*,#907,.T.);
#1172=ORIENTED_EDGE('',*,*,#908,.T.);
#1173=ORIENTED_EDGE('',*,*,#909,.F.);
#1174=ORIENTED_EDGE('',*,*,#910,.T.);
#1175=ORIENTED_EDGE('',*,*,#908,.F.);
#1176=ORIENTED_EDGE('',*,*,#911,.F.);
#1177=ORIENTED_EDGE('',*,*,#912,.F.);
#1178=ORIENTED_EDGE('',*,*,#911,.T.);
#1179=ORIENTED_EDGE('',*,*,#907,.F.);
#1180=ORIENTED_EDGE('',*,*,#913,.F.);
#1181=ORIENTED_EDGE('',*,*,#914,.F.);
#1182=ORIENTED_EDGE('',*,*,#913,.T.);
#1183=ORIENTED_EDGE('',*,*,#906,.F.);
#1184=ORIENTED_EDGE('',*,*,#915,.F.);
#1185=ORIENTED_EDGE('',*,*,#916,.F.);
#1186=ORIENTED_EDGE('',*,*,#915,.T.);
#1187=ORIENTED_EDGE('',*,*,#905,.F.);
#1188=ORIENTED_EDGE('',*,*,#917,.F.);
#1189=ORIENTED_EDGE('',*,*,#918,.F.);
#1190=ORIENTED_EDGE('',*,*,#917,.T.);
#1191=ORIENTED_EDGE('',*,*,#904,.F.);
#1192=ORIENTED_EDGE('',*,*,#919,.F.);
#1193=ORIENTED_EDGE('',*,*,#920,.F.);
#1194=ORIENTED_EDGE('',*,*,#919,.T.);
#1195=ORIENTED_EDGE('',*,*,#903,.F.);
#1196=ORIENTED_EDGE('',*,*,#921,.F.);
#1197=ORIENTED_EDGE('',*,*,#922,.F.);
#1198=ORIENTED_EDGE('',*,*,#921,.T.);
#1199=ORIENTED_EDGE('',*,*,#902,.F.);
#1200=ORIENTED_EDGE('',*,*,#923,.F.);
#1201=ORIENTED_EDGE('',*,*,#924,.F.);
#1202=ORIENTED_EDGE('',*,*,#923,.T.);
#1203=ORIENTED_EDGE('',*,*,#901,.F.);
#1204=ORIENTED_EDGE('',*,*,#910,.F.);
#1205=ORIENTED_EDGE('',*,*,#925,.F.);
#1206=ORIENTED_EDGE('',*,*,#926,.T.);
#1207=ORIENTED_EDGE('',*,*,#927,.F.);
#1208=ORIENTED_EDGE('',*,*,#926,.F.);
#1209=ORIENTED_EDGE('',*,*,#925,.T.);
#1210=ORIENTED_EDGE('',*,*,#928,.F.);
#1211=ORIENTED_EDGE('',*,*,#929,.T.);
#1212=ORIENTED_EDGE('',*,*,#930,.F.);
#1213=ORIENTED_EDGE('',*,*,#929,.F.);
#1214=ORIENTED_EDGE('',*,*,#928,.T.);
#1215=ORIENTED_EDGE('',*,*,#931,.F.);
#1216=ORIENTED_EDGE('',*,*,#932,.T.);
#1217=ORIENTED_EDGE('',*,*,#933,.F.);
#1218=ORIENTED_EDGE('',*,*,#932,.F.);
#1219=ORIENTED_EDGE('',*,*,#931,.T.);
#1220=ORIENTED_EDGE('',*,*,#934,.F.);
#1221=ORIENTED_EDGE('',*,*,#935,.T.);
#1222=ORIENTED_EDGE('',*,*,#936,.F.);
#1223=ORIENTED_EDGE('',*,*,#935,.F.);
#1224=ORIENTED_EDGE('',*,*,#934,.T.);
#1225=ORIENTED_EDGE('',*,*,#937,.F.);
#1226=ORIENTED_EDGE('',*,*,#938,.T.);
#1227=ORIENTED_EDGE('',*,*,#939,.F.);
#1228=ORIENTED_EDGE('',*,*,#938,.F.);
#1229=ORIENTED_EDGE('',*,*,#937,.T.);
#1230=ORIENTED_EDGE('',*,*,#930,.T.);
#1231=ORIENTED_EDGE('',*,*,#909,.T.);
#1232=ORIENTED_EDGE('',*,*,#912,.T.);
#1233=ORIENTED_EDGE('',*,*,#914,.T.);
#1234=ORIENTED_EDGE('',*,*,#916,.T.);
#1235=ORIENTED_EDGE('',*,*,#918,.T.);
#1236=ORIENTED_EDGE('',*,*,#920,.T.);
#1237=ORIENTED_EDGE('',*,*,#922,.T.);
#1238=ORIENTED_EDGE('',*,*,#924,.T.);
#1239=ORIENTED_EDGE('',*,*,#939,.T.);
#1240=ORIENTED_EDGE('',*,*,#940,.T.);
#1241=ORIENTED_EDGE('',*,*,#941,.T.);
#1242=ORIENTED_EDGE('',*,*,#942,.T.);
#1243=ORIENTED_EDGE('',*,*,#943,.T.);
#1244=ORIENTED_EDGE('',*,*,#944,.T.);
#1245=ORIENTED_EDGE('',*,*,#945,.T.);
#1246=ORIENTED_EDGE('',*,*,#946,.T.);
#1247=ORIENTED_EDGE('',*,*,#947,.T.);
#1248=ORIENTED_EDGE('',*,*,#948,.T.);
#1249=ORIENTED_EDGE('',*,*,#949,.T.);
#1250=ORIENTED_EDGE('',*,*,#950,.T.);
#1251=ORIENTED_EDGE('',*,*,#817,.T.);
#1252=ORIENTED_EDGE('',*,*,#821,.T.);
#1253=ORIENTED_EDGE('',*,*,#824,.T.);
#1254=ORIENTED_EDGE('',*,*,#827,.T.);
#1255=ORIENTED_EDGE('',*,*,#830,.T.);
#1256=ORIENTED_EDGE('',*,*,#833,.T.);
#1257=ORIENTED_EDGE('',*,*,#836,.T.);
#1258=ORIENTED_EDGE('',*,*,#839,.T.);
#1259=ORIENTED_EDGE('',*,*,#842,.T.);
#1260=ORIENTED_EDGE('',*,*,#845,.T.);
#1261=ORIENTED_EDGE('',*,*,#848,.T.);
#1262=ORIENTED_EDGE('',*,*,#851,.T.);
#1263=ORIENTED_EDGE('',*,*,#854,.T.);
#1264=ORIENTED_EDGE('',*,*,#857,.T.);
#1265=ORIENTED_EDGE('',*,*,#860,.T.);
#1266=ORIENTED_EDGE('',*,*,#863,.T.);
#1267=ORIENTED_EDGE('',*,*,#866,.T.);
#1268=ORIENTED_EDGE('',*,*,#869,.T.);
#1269=ORIENTED_EDGE('',*,*,#872,.T.);
#1270=ORIENTED_EDGE('',*,*,#875,.T.);
#1271=ORIENTED_EDGE('',*,*,#878,.T.);
#1272=ORIENTED_EDGE('',*,*,#881,.T.);
#1273=ORIENTED_EDGE('',*,*,#884,.T.);
#1274=ORIENTED_EDGE('',*,*,#887,.T.);
#1275=ORIENTED_EDGE('',*,*,#890,.T.);
#1276=ORIENTED_EDGE('',*,*,#892,.T.);
#1277=ORIENTED_EDGE('',*,*,#793,.T.);
#1278=ORIENTED_EDGE('',*,*,#797,.T.);
#1279=ORIENTED_EDGE('',*,*,#800,.T.);
#1280=ORIENTED_EDGE('',*,*,#803,.T.);
#1281=ORIENTED_EDGE('',*,*,#806,.T.);
#1282=ORIENTED_EDGE('',*,*,#809,.T.);
#1283=ORIENTED_EDGE('',*,*,#812,.T.);
#1284=ORIENTED_EDGE('',*,*,#814,.T.);
#1285=ORIENTED_EDGE('',*,*,#769,.T.);
#1286=ORIENTED_EDGE('',*,*,#773,.T.);
#1287=ORIENTED_EDGE('',*,*,#776,.T.);
#1288=ORIENTED_EDGE('',*,*,#779,.T.);
#1289=ORIENTED_EDGE('',*,*,#782,.T.);
#1290=ORIENTED_EDGE('',*,*,#785,.T.);
#1291=ORIENTED_EDGE('',*,*,#788,.T.);
#1292=ORIENTED_EDGE('',*,*,#790,.T.);
#1293=ORIENTED_EDGE('',*,*,#951,.F.);
#1294=ORIENTED_EDGE('',*,*,#952,.T.);
#1295=ORIENTED_EDGE('',*,*,#950,.F.);
#1296=ORIENTED_EDGE('',*,*,#952,.F.);
#1297=ORIENTED_EDGE('',*,*,#951,.T.);
#1298=ORIENTED_EDGE('',*,*,#927,.T.);
#1299=ORIENTED_EDGE('',*,*,#953,.F.);
#1300=ORIENTED_EDGE('',*,*,#954,.T.);
#1301=ORIENTED_EDGE('',*,*,#940,.F.);
#1302=ORIENTED_EDGE('',*,*,#954,.F.);
#1303=ORIENTED_EDGE('',*,*,#953,.T.);
#1304=ORIENTED_EDGE('',*,*,#933,.T.);
#1305=ORIENTED_EDGE('',*,*,#955,.F.);
#1306=ORIENTED_EDGE('',*,*,#956,.T.);
#1307=ORIENTED_EDGE('',*,*,#949,.F.);
#1308=ORIENTED_EDGE('',*,*,#956,.F.);
#1309=ORIENTED_EDGE('',*,*,#955,.T.);
#1310=ORIENTED_EDGE('',*,*,#936,.T.);
#1311=ORIENTED_EDGE('',*,*,#957,.F.);
#1312=ORIENTED_EDGE('',*,*,#958,.F.);
#1313=ORIENTED_EDGE('',*,*,#945,.F.);
#1314=ORIENTED_EDGE('',*,*,#959,.T.);
#1315=ORIENTED_EDGE('',*,*,#960,.F.);
#1316=ORIENTED_EDGE('',*,*,#959,.F.);
#1317=ORIENTED_EDGE('',*,*,#944,.F.);
#1318=ORIENTED_EDGE('',*,*,#961,.T.);
#1319=ORIENTED_EDGE('',*,*,#962,.F.);
#1320=ORIENTED_EDGE('',*,*,#961,.F.);
#1321=ORIENTED_EDGE('',*,*,#943,.F.);
#1322=ORIENTED_EDGE('',*,*,#963,.T.);
#1323=ORIENTED_EDGE('',*,*,#964,.F.);
#1324=ORIENTED_EDGE('',*,*,#963,.F.);
#1325=ORIENTED_EDGE('',*,*,#942,.F.);
#1326=ORIENTED_EDGE('',*,*,#965,.T.);
#1327=ORIENTED_EDGE('',*,*,#966,.F.);
#1328=ORIENTED_EDGE('',*,*,#965,.F.);
#1329=ORIENTED_EDGE('',*,*,#941,.F.);
#1330=ORIENTED_EDGE('',*,*,#967,.T.);
#1331=ORIENTED_EDGE('',*,*,#968,.F.);
#1332=ORIENTED_EDGE('',*,*,#967,.F.);
#1333=ORIENTED_EDGE('',*,*,#948,.F.);
#1334=ORIENTED_EDGE('',*,*,#969,.T.);
#1335=ORIENTED_EDGE('',*,*,#970,.F.);
#1336=ORIENTED_EDGE('',*,*,#969,.F.);
#1337=ORIENTED_EDGE('',*,*,#947,.F.);
#1338=ORIENTED_EDGE('',*,*,#971,.T.);
#1339=ORIENTED_EDGE('',*,*,#972,.F.);
#1340=ORIENTED_EDGE('',*,*,#971,.F.);
#1341=ORIENTED_EDGE('',*,*,#946,.F.);
#1342=ORIENTED_EDGE('',*,*,#958,.T.);
#1343=ORIENTED_EDGE('',*,*,#973,.F.);
#1344=ORIENTED_EDGE('',*,*,#974,.T.);
#1345=ORIENTED_EDGE('',*,*,#893,.F.);
#1346=ORIENTED_EDGE('',*,*,#975,.F.);
#1347=ORIENTED_EDGE('',*,*,#976,.F.);
#1348=ORIENTED_EDGE('',*,*,#975,.T.);
#1349=ORIENTED_EDGE('',*,*,#900,.F.);
#1350=ORIENTED_EDGE('',*,*,#977,.F.);
#1351=ORIENTED_EDGE('',*,*,#978,.F.);
#1352=ORIENTED_EDGE('',*,*,#977,.T.);
#1353=ORIENTED_EDGE('',*,*,#899,.F.);
#1354=ORIENTED_EDGE('',*,*,#979,.F.);
#1355=ORIENTED_EDGE('',*,*,#980,.F.);
#1356=ORIENTED_EDGE('',*,*,#979,.T.);
#1357=ORIENTED_EDGE('',*,*,#898,.F.);
#1358=ORIENTED_EDGE('',*,*,#981,.F.);
#1359=ORIENTED_EDGE('',*,*,#982,.F.);
#1360=ORIENTED_EDGE('',*,*,#981,.T.);
#1361=ORIENTED_EDGE('',*,*,#897,.F.);
#1362=ORIENTED_EDGE('',*,*,#983,.F.);
#1363=ORIENTED_EDGE('',*,*,#984,.F.);
#1364=ORIENTED_EDGE('',*,*,#983,.T.);
#1365=ORIENTED_EDGE('',*,*,#896,.F.);
#1366=ORIENTED_EDGE('',*,*,#985,.F.);
#1367=ORIENTED_EDGE('',*,*,#986,.F.);
#1368=ORIENTED_EDGE('',*,*,#985,.T.);
#1369=ORIENTED_EDGE('',*,*,#895,.F.);
#1370=ORIENTED_EDGE('',*,*,#987,.F.);
#1371=ORIENTED_EDGE('',*,*,#988,.F.);
#1372=ORIENTED_EDGE('',*,*,#987,.T.);
#1373=ORIENTED_EDGE('',*,*,#894,.F.);
#1374=ORIENTED_EDGE('',*,*,#974,.F.);
#1375=ORIENTED_EDGE('',*,*,#988,.T.);
#1376=ORIENTED_EDGE('',*,*,#973,.T.);
#1377=ORIENTED_EDGE('',*,*,#976,.T.);
#1378=ORIENTED_EDGE('',*,*,#978,.T.);
#1379=ORIENTED_EDGE('',*,*,#980,.T.);
#1380=ORIENTED_EDGE('',*,*,#982,.T.);
#1381=ORIENTED_EDGE('',*,*,#984,.T.);
#1382=ORIENTED_EDGE('',*,*,#986,.T.);
#1383=ORIENTED_EDGE('',*,*,#767,.T.);
#1384=ORIENTED_EDGE('',*,*,#789,.T.);
#1385=ORIENTED_EDGE('',*,*,#786,.T.);
#1386=ORIENTED_EDGE('',*,*,#783,.T.);
#1387=ORIENTED_EDGE('',*,*,#780,.T.);
#1388=ORIENTED_EDGE('',*,*,#777,.T.);
#1389=ORIENTED_EDGE('',*,*,#774,.T.);
#1390=ORIENTED_EDGE('',*,*,#771,.T.);
#1391=ORIENTED_EDGE('',*,*,#791,.T.);
#1392=ORIENTED_EDGE('',*,*,#813,.T.);
#1393=ORIENTED_EDGE('',*,*,#810,.T.);
#1394=ORIENTED_EDGE('',*,*,#807,.T.);
#1395=ORIENTED_EDGE('',*,*,#804,.T.);
#1396=ORIENTED_EDGE('',*,*,#801,.T.);
#1397=ORIENTED_EDGE('',*,*,#798,.T.);
#1398=ORIENTED_EDGE('',*,*,#795,.T.);
#1399=ORIENTED_EDGE('',*,*,#815,.T.);
#1400=ORIENTED_EDGE('',*,*,#891,.T.);
#1401=ORIENTED_EDGE('',*,*,#888,.T.);
#1402=ORIENTED_EDGE('',*,*,#885,.T.);
#1403=ORIENTED_EDGE('',*,*,#882,.T.);
#1404=ORIENTED_EDGE('',*,*,#879,.T.);
#1405=ORIENTED_EDGE('',*,*,#876,.T.);
#1406=ORIENTED_EDGE('',*,*,#873,.T.);
#1407=ORIENTED_EDGE('',*,*,#870,.T.);
#1408=ORIENTED_EDGE('',*,*,#867,.T.);
#1409=ORIENTED_EDGE('',*,*,#864,.T.);
#1410=ORIENTED_EDGE('',*,*,#861,.T.);
#1411=ORIENTED_EDGE('',*,*,#858,.T.);
#1412=ORIENTED_EDGE('',*,*,#855,.T.);
#1413=ORIENTED_EDGE('',*,*,#852,.T.);
#1414=ORIENTED_EDGE('',*,*,#849,.T.);
#1415=ORIENTED_EDGE('',*,*,#846,.T.);
#1416=ORIENTED_EDGE('',*,*,#843,.T.);
#1417=ORIENTED_EDGE('',*,*,#840,.T.);
#1418=ORIENTED_EDGE('',*,*,#837,.T.);
#1419=ORIENTED_EDGE('',*,*,#834,.T.);
#1420=ORIENTED_EDGE('',*,*,#831,.T.);
#1421=ORIENTED_EDGE('',*,*,#828,.T.);
#1422=ORIENTED_EDGE('',*,*,#825,.T.);
#1423=ORIENTED_EDGE('',*,*,#822,.T.);
#1424=ORIENTED_EDGE('',*,*,#819,.T.);
#1425=ORIENTED_EDGE('',*,*,#966,.T.);
#1426=ORIENTED_EDGE('',*,*,#968,.T.);
#1427=ORIENTED_EDGE('',*,*,#970,.T.);
#1428=ORIENTED_EDGE('',*,*,#972,.T.);
#1429=ORIENTED_EDGE('',*,*,#957,.T.);
#1430=ORIENTED_EDGE('',*,*,#960,.T.);
#1431=ORIENTED_EDGE('',*,*,#962,.T.);
#1432=ORIENTED_EDGE('',*,*,#964,.T.);
#1433=PLANE('',#1573);
#1434=PLANE('',#1577);
#1435=PLANE('',#1581);
#1436=PLANE('',#1585);
#1437=PLANE('',#1589);
#1438=PLANE('',#1593);
#1439=PLANE('',#1597);
#1440=PLANE('',#1601);
#1441=PLANE('',#1605);
#1442=PLANE('',#1612);
#1443=PLANE('',#1619);
#1444=PLANE('',#1623);
#1445=PLANE('',#1627);
#1446=PLANE('',#1634);
#1447=PLANE('',#1641);
#1448=PLANE('',#1645);
#1449=PLANE('',#1652);
#1450=PLANE('',#1659);
#1451=PLANE('',#1663);
#1452=PLANE('',#1672);
#1453=PLANE('',#1675);
#1454=PLANE('',#1678);
#1455=PLANE('',#1681);
#1456=PLANE('',#1687);
#1457=PLANE('',#1691);
#1458=PLANE('',#1695);
#1459=PLANE('',#1699);
#1460=PLANE('',#1703);
#1461=PLANE('',#1704);
#1462=PLANE('',#1714);
#1463=PLANE('',#1717);
#1464=PLANE('',#1720);
#1465=PLANE('',#1721);
#1466=PLANE('',#1724);
#1467=PLANE('',#1727);
#1468=PLANE('',#1730);
#1469=PLANE('',#1733);
#1470=PLANE('',#1736);
#1471=PLANE('',#1739);
#1472=PLANE('',#1742);
#1473=PLANE('',#1745);
#1474=ADVANCED_FACE('',(#164),#1433,.F.);
#1475=ADVANCED_FACE('',(#165),#120,.F.);
#1476=ADVANCED_FACE('',(#166),#1434,.F.);
#1477=ADVANCED_FACE('',(#167),#121,.F.);
#1478=ADVANCED_FACE('',(#168),#1435,.F.);
#1479=ADVANCED_FACE('',(#169),#122,.F.);
#1480=ADVANCED_FACE('',(#170),#1436,.F.);
#1481=ADVANCED_FACE('',(#171),#123,.F.);
#1482=ADVANCED_FACE('',(#172),#1437,.F.);
#1483=ADVANCED_FACE('',(#173),#124,.F.);
#1484=ADVANCED_FACE('',(#174),#1438,.F.);
#1485=ADVANCED_FACE('',(#175),#125,.F.);
#1486=ADVANCED_FACE('',(#176),#1439,.F.);
#1487=ADVANCED_FACE('',(#177),#126,.F.);
#1488=ADVANCED_FACE('',(#178),#1440,.F.);
#1489=ADVANCED_FACE('',(#179),#127,.F.);
#1490=ADVANCED_FACE('',(#180),#1441,.F.);
#1491=ADVANCED_FACE('',(#181),#128,.T.);
#1492=ADVANCED_FACE('',(#182),#129,.F.);
#1493=ADVANCED_FACE('',(#183),#1442,.F.);
#1494=ADVANCED_FACE('',(#184),#130,.F.);
#1495=ADVANCED_FACE('',(#185),#131,.T.);
#1496=ADVANCED_FACE('',(#186),#1443,.F.);
#1497=ADVANCED_FACE('',(#187),#132,.F.);
#1498=ADVANCED_FACE('',(#188),#1444,.F.);
#1499=ADVANCED_FACE('',(#189),#133,.F.);
#1500=ADVANCED_FACE('',(#190),#1445,.F.);
#1501=ADVANCED_FACE('',(#191),#134,.T.);
#1502=ADVANCED_FACE('',(#192),#135,.F.);
#1503=ADVANCED_FACE('',(#193),#1446,.F.);
#1504=ADVANCED_FACE('',(#194),#136,.F.);
#1505=ADVANCED_FACE('',(#195),#137,.T.);
#1506=ADVANCED_FACE('',(#196),#1447,.F.);
#1507=ADVANCED_FACE('',(#197),#138,.F.);
#1508=ADVANCED_FACE('',(#198),#1448,.F.);
#1509=ADVANCED_FACE('',(#199),#139,.T.);
#1510=ADVANCED_FACE('',(#200),#140,.F.);
#1511=ADVANCED_FACE('',(#201),#1449,.F.);
#1512=ADVANCED_FACE('',(#202),#141,.F.);
#1513=ADVANCED_FACE('',(#203),#142,.T.);
#1514=ADVANCED_FACE('',(#204),#1450,.F.);
#1515=ADVANCED_FACE('',(#205),#143,.F.);
#1516=ADVANCED_FACE('',(#206,#15),#1451,.T.);
#1517=ADVANCED_FACE('',(#207),#1452,.T.);
#1518=ADVANCED_FACE('',(#208),#144,.F.);
#1519=ADVANCED_FACE('',(#209),#1453,.T.);
#1520=ADVANCED_FACE('',(#210),#145,.F.);
#1521=ADVANCED_FACE('',(#211),#1454,.T.);
#1522=ADVANCED_FACE('',(#212),#146,.F.);
#1523=ADVANCED_FACE('',(#213),#1455,.T.);
#1524=ADVANCED_FACE('',(#214),#147,.F.);
#1525=ADVANCED_FACE('',(#215),#148,.T.);
#1526=ADVANCED_FACE('',(#216),#1456,.F.);
#1527=ADVANCED_FACE('',(#217),#149,.T.);
#1528=ADVANCED_FACE('',(#218),#1457,.F.);
#1529=ADVANCED_FACE('',(#219),#150,.T.);
#1530=ADVANCED_FACE('',(#220),#1458,.F.);
#1531=ADVANCED_FACE('',(#221),#151,.T.);
#1532=ADVANCED_FACE('',(#222),#1459,.F.);
#1533=ADVANCED_FACE('',(#223),#152,.T.);
#1534=ADVANCED_FACE('',(#224,#16),#1460,.T.);
#1535=ADVANCED_FACE('',(#225,#17,#18,#19,#20,#21,#22,#23,#24),#1461,.F.);
#1536=ADVANCED_FACE('',(#226),#153,.T.);
#1537=ADVANCED_FACE('',(#227,#25),#1462,.T.);
#1538=ADVANCED_FACE('',(#228),#154,.T.);
#1539=ADVANCED_FACE('',(#229,#26),#1463,.T.);
#1540=ADVANCED_FACE('',(#230),#155,.T.);
#1541=ADVANCED_FACE('',(#231,#27),#1464,.T.);
#1542=ADVANCED_FACE('',(#232),#1465,.F.);
#1543=ADVANCED_FACE('',(#233),#156,.F.);
#1544=ADVANCED_FACE('',(#234),#1466,.F.);
#1545=ADVANCED_FACE('',(#235),#157,.F.);
#1546=ADVANCED_FACE('',(#236),#1467,.F.);
#1547=ADVANCED_FACE('',(#237),#158,.F.);
#1548=ADVANCED_FACE('',(#238),#1468,.F.);
#1549=ADVANCED_FACE('',(#239),#159,.F.);
#1550=ADVANCED_FACE('',(#240),#1469,.T.);
#1551=ADVANCED_FACE('',(#241),#160,.T.);
#1552=ADVANCED_FACE('',(#242),#1470,.T.);
#1553=ADVANCED_FACE('',(#243),#161,.T.);
#1554=ADVANCED_FACE('',(#244),#1471,.T.);
#1555=ADVANCED_FACE('',(#245),#162,.T.);
#1556=ADVANCED_FACE('',(#246),#1472,.T.);
#1557=ADVANCED_FACE('',(#247),#163,.T.);
#1558=ADVANCED_FACE('',(#248,#28,#29,#30,#31),#1473,.T.);
#1559=CLOSED_SHELL('',(#1474,#1475,#1476,#1477,#1478,#1479,#1480,#1481,
#1482,#1483,#1484,#1485,#1486,#1487,#1488,#1489,#1490,#1491,#1492,#1493,
#1494,#1495,#1496,#1497,#1498,#1499,#1500,#1501,#1502,#1503,#1504,#1505,
#1506,#1507,#1508,#1509,#1510,#1511,#1512,#1513,#1514,#1515,#1516,#1517,
#1518,#1519,#1520,#1521,#1522,#1523,#1524,#1525,#1526,#1527,#1528,#1529,
#1530,#1531,#1532,#1533,#1534,#1535,#1536,#1537,#1538,#1539,#1540,#1541,
#1542,#1543,#1544,#1545,#1546,#1547,#1548,#1549,#1550,#1551,#1552,#1553,
#1554,#1555,#1556,#1557,#1558));
#1560=DERIVED_UNIT_ELEMENT(#1562,1.);
#1561=DERIVED_UNIT_ELEMENT(#2689,-3.);
#1562=(
MASS_UNIT()
NAMED_UNIT(*)
SI_UNIT(.KILO.,.GRAM.)
);
#1563=DERIVED_UNIT((#1560,#1561));
#1564=MEASURE_REPRESENTATION_ITEM('density measure',
POSITIVE_RATIO_MEASURE(7850.),#1563);
#1565=PROPERTY_DEFINITION_REPRESENTATION(#1570,#1567);
#1566=PROPERTY_DEFINITION_REPRESENTATION(#1571,#1568);
#1567=REPRESENTATION('material name',(#1569),#2686);
#1568=REPRESENTATION('density',(#1564),#2686);
#1569=DESCRIPTIVE_REPRESENTATION_ITEM('Steel','Steel');
#1570=PROPERTY_DEFINITION('material property','material name',#2696);
#1571=PROPERTY_DEFINITION('material property','density of part',#2696);
#1572=AXIS2_PLACEMENT_3D('',#2228,#1746,#1747);
#1573=AXIS2_PLACEMENT_3D('',#2229,#1748,#1749);
#1574=AXIS2_PLACEMENT_3D('',#2238,#1754,#1755);
#1575=AXIS2_PLACEMENT_3D('',#2240,#1756,#1757);
#1576=AXIS2_PLACEMENT_3D('',#2243,#1759,#1760);
#1577=AXIS2_PLACEMENT_3D('',#2244,#1761,#1762);
#1578=AXIS2_PLACEMENT_3D('',#2250,#1766,#1767);
#1579=AXIS2_PLACEMENT_3D('',#2252,#1768,#1769);
#1580=AXIS2_PLACEMENT_3D('',#2255,#1771,#1772);
#1581=AXIS2_PLACEMENT_3D('',#2256,#1773,#1774);
#1582=AXIS2_PLACEMENT_3D('',#2262,#1778,#1779);
#1583=AXIS2_PLACEMENT_3D('',#2264,#1780,#1781);
#1584=AXIS2_PLACEMENT_3D('',#2267,#1783,#1784);
#1585=AXIS2_PLACEMENT_3D('',#2268,#1785,#1786);
#1586=AXIS2_PLACEMENT_3D('',#2274,#1790,#1791);
#1587=AXIS2_PLACEMENT_3D('',#2275,#1792,#1793);
#1588=AXIS2_PLACEMENT_3D('',#2276,#1794,#1795);
#1589=AXIS2_PLACEMENT_3D('',#2277,#1796,#1797);
#1590=AXIS2_PLACEMENT_3D('',#2286,#1802,#1803);
#1591=AXIS2_PLACEMENT_3D('',#2288,#1804,#1805);
#1592=AXIS2_PLACEMENT_3D('',#2291,#1807,#1808);
#1593=AXIS2_PLACEMENT_3D('',#2292,#1809,#1810);
#1594=AXIS2_PLACEMENT_3D('',#2298,#1814,#1815);
#1595=AXIS2_PLACEMENT_3D('',#2300,#1816,#1817);
#1596=AXIS2_PLACEMENT_3D('',#2303,#1819,#1820);
#1597=AXIS2_PLACEMENT_3D('',#2304,#1821,#1822);
#1598=AXIS2_PLACEMENT_3D('',#2310,#1826,#1827);
#1599=AXIS2_PLACEMENT_3D('',#2312,#1828,#1829);
#1600=AXIS2_PLACEMENT_3D('',#2315,#1831,#1832);
#1601=AXIS2_PLACEMENT_3D('',#2316,#1833,#1834);
#1602=AXIS2_PLACEMENT_3D('',#2322,#1838,#1839);
#1603=AXIS2_PLACEMENT_3D('',#2323,#1840,#1841);
#1604=AXIS2_PLACEMENT_3D('',#2324,#1842,#1843);
#1605=AXIS2_PLACEMENT_3D('',#2325,#1844,#1845);
#1606=AXIS2_PLACEMENT_3D('',#2334,#1850,#1851);
#1607=AXIS2_PLACEMENT_3D('',#2336,#1852,#1853);
#1608=AXIS2_PLACEMENT_3D('',#2339,#1855,#1856);
#1609=AXIS2_PLACEMENT_3D('',#2340,#1857,#1858);
#1610=AXIS2_PLACEMENT_3D('',#2342,#1859,#1860);
#1611=AXIS2_PLACEMENT_3D('',#2345,#1862,#1863);
#1612=AXIS2_PLACEMENT_3D('',#2346,#1864,#1865);
#1613=AXIS2_PLACEMENT_3D('',#2352,#1869,#1870);
#1614=AXIS2_PLACEMENT_3D('',#2354,#1871,#1872);
#1615=AXIS2_PLACEMENT_3D('',#2357,#1874,#1875);
#1616=AXIS2_PLACEMENT_3D('',#2358,#1876,#1877);
#1617=AXIS2_PLACEMENT_3D('',#2360,#1878,#1879);
#1618=AXIS2_PLACEMENT_3D('',#2363,#1881,#1882);
#1619=AXIS2_PLACEMENT_3D('',#2364,#1883,#1884);
#1620=AXIS2_PLACEMENT_3D('',#2370,#1888,#1889);
#1621=AXIS2_PLACEMENT_3D('',#2372,#1890,#1891);
#1622=AXIS2_PLACEMENT_3D('',#2375,#1893,#1894);
#1623=AXIS2_PLACEMENT_3D('',#2376,#1895,#1896);
#1624=AXIS2_PLACEMENT_3D('',#2382,#1900,#1901);
#1625=AXIS2_PLACEMENT_3D('',#2384,#1902,#1903);
#1626=AXIS2_PLACEMENT_3D('',#2387,#1905,#1906);
#1627=AXIS2_PLACEMENT_3D('',#2388,#1907,#1908);
#1628=AXIS2_PLACEMENT_3D('',#2394,#1912,#1913);
#1629=AXIS2_PLACEMENT_3D('',#2396,#1914,#1915);
#1630=AXIS2_PLACEMENT_3D('',#2399,#1917,#1918);
#1631=AXIS2_PLACEMENT_3D('',#2400,#1919,#1920);
#1632=AXIS2_PLACEMENT_3D('',#2402,#1921,#1922);
#1633=AXIS2_PLACEMENT_3D('',#2405,#1924,#1925);
#1634=AXIS2_PLACEMENT_3D('',#2406,#1926,#1927);
#1635=AXIS2_PLACEMENT_3D('',#2412,#1931,#1932);
#1636=AXIS2_PLACEMENT_3D('',#2414,#1933,#1934);
#1637=AXIS2_PLACEMENT_3D('',#2417,#1936,#1937);
#1638=AXIS2_PLACEMENT_3D('',#2418,#1938,#1939);
#1639=AXIS2_PLACEMENT_3D('',#2420,#1940,#1941);
#1640=AXIS2_PLACEMENT_3D('',#2423,#1943,#1944);
#1641=AXIS2_PLACEMENT_3D('',#2424,#1945,#1946);
#1642=AXIS2_PLACEMENT_3D('',#2430,#1950,#1951);
#1643=AXIS2_PLACEMENT_3D('',#2432,#1952,#1953);
#1644=AXIS2_PLACEMENT_3D('',#2435,#1955,#1956);
#1645=AXIS2_PLACEMENT_3D('',#2436,#1957,#1958);
#1646=AXIS2_PLACEMENT_3D('',#2442,#1962,#1963);
#1647=AXIS2_PLACEMENT_3D('',#2444,#1964,#1965);
#1648=AXIS2_PLACEMENT_3D('',#2447,#1967,#1968);
#1649=AXIS2_PLACEMENT_3D('',#2448,#1969,#1970);
#1650=AXIS2_PLACEMENT_3D('',#2450,#1971,#1972);
#1651=AXIS2_PLACEMENT_3D('',#2453,#1974,#1975);
#1652=AXIS2_PLACEMENT_3D('',#2454,#1976,#1977);
#1653=AXIS2_PLACEMENT_3D('',#2460,#1981,#1982);
#1654=AXIS2_PLACEMENT_3D('',#2462,#1983,#1984);
#1655=AXIS2_PLACEMENT_3D('',#2465,#1986,#1987);
#1656=AXIS2_PLACEMENT_3D('',#2466,#1988,#1989);
#1657=AXIS2_PLACEMENT_3D('',#2468,#1990,#1991);
#1658=AXIS2_PLACEMENT_3D('',#2471,#1993,#1994);
#1659=AXIS2_PLACEMENT_3D('',#2472,#1995,#1996);
#1660=AXIS2_PLACEMENT_3D('',#2478,#2000,#2001);
#1661=AXIS2_PLACEMENT_3D('',#2479,#2002,#2003);
#1662=AXIS2_PLACEMENT_3D('',#2480,#2004,#2005);
#1663=AXIS2_PLACEMENT_3D('',#2481,#2006,#2007);
#1664=AXIS2_PLACEMENT_3D('',#2486,#2009,#2010);
#1665=AXIS2_PLACEMENT_3D('',#2490,#2012,#2013);
#1666=AXIS2_PLACEMENT_3D('',#2494,#2015,#2016);
#1667=AXIS2_PLACEMENT_3D('',#2497,#2018,#2019);
#1668=AXIS2_PLACEMENT_3D('',#2500,#2020,#2021);
#1669=AXIS2_PLACEMENT_3D('',#2504,#2023,#2024);
#1670=AXIS2_PLACEMENT_3D('',#2508,#2026,#2027);
#1671=AXIS2_PLACEMENT_3D('',#2512,#2029,#2030);
#1672=AXIS2_PLACEMENT_3D('',#2514,#2032,#2033);
#1673=AXIS2_PLACEMENT_3D('',#2520,#2037,#2038);
#1674=AXIS2_PLACEMENT_3D('',#2522,#2039,#2040);
#1675=AXIS2_PLACEMENT_3D('',#2524,#2042,#2043);
#1676=AXIS2_PLACEMENT_3D('',#2528,#2046,#2047);
#1677=AXIS2_PLACEMENT_3D('',#2530,#2048,#2049);
#1678=AXIS2_PLACEMENT_3D('',#2532,#2051,#2052);
#1679=AXIS2_PLACEMENT_3D('',#2536,#2055,#2056);
#1680=AXIS2_PLACEMENT_3D('',#2538,#2057,#2058);
#1681=AXIS2_PLACEMENT_3D('',#2540,#2060,#2061);
#1682=AXIS2_PLACEMENT_3D('',#2544,#2064,#2065);
#1683=AXIS2_PLACEMENT_3D('',#2545,#2066,#2067);
#1684=AXIS2_PLACEMENT_3D('',#2546,#2068,#2069);
#1685=AXIS2_PLACEMENT_3D('',#2548,#2070,#2071);
#1686=AXIS2_PLACEMENT_3D('',#2551,#2073,#2074);
#1687=AXIS2_PLACEMENT_3D('',#2552,#2075,#2076);
#1688=AXIS2_PLACEMENT_3D('',#2553,#2077,#2078);
#1689=AXIS2_PLACEMENT_3D('',#2555,#2079,#2080);
#1690=AXIS2_PLACEMENT_3D('',#2558,#2082,#2083);
#1691=AXIS2_PLACEMENT_3D('',#2559,#2084,#2085);
#1692=AXIS2_PLACEMENT_3D('',#2560,#2086,#2087);
#1693=AXIS2_PLACEMENT_3D('',#2562,#2088,#2089);
#1694=AXIS2_PLACEMENT_3D('',#2565,#2091,#2092);
#1695=AXIS2_PLACEMENT_3D('',#2566,#2093,#2094);
#1696=AXIS2_PLACEMENT_3D('',#2567,#2095,#2096);
#1697=AXIS2_PLACEMENT_3D('',#2569,#2097,#2098);
#1698=AXIS2_PLACEMENT_3D('',#2572,#2100,#2101);
#1699=AXIS2_PLACEMENT_3D('',#2573,#2102,#2103);
#1700=AXIS2_PLACEMENT_3D('',#2574,#2104,#2105);
#1701=AXIS2_PLACEMENT_3D('',#2576,#2106,#2107);
#1702=AXIS2_PLACEMENT_3D('',#2579,#2109,#2110);
#1703=AXIS2_PLACEMENT_3D('',#2580,#2111,#2112);
#1704=AXIS2_PLACEMENT_3D('',#2581,#2113,#2114);
#1705=AXIS2_PLACEMENT_3D('',#2583,#2115,#2116);
#1706=AXIS2_PLACEMENT_3D('',#2588,#2118,#2119);
#1707=AXIS2_PLACEMENT_3D('',#2592,#2121,#2122);
#1708=AXIS2_PLACEMENT_3D('',#2596,#2124,#2125);
#1709=AXIS2_PLACEMENT_3D('',#2599,#2127,#2128);
#1710=AXIS2_PLACEMENT_3D('',#2601,#2129,#2130);
#1711=AXIS2_PLACEMENT_3D('',#2603,#2131,#2132);
#1712=AXIS2_PLACEMENT_3D('',#2604,#2133,#2134);
#1713=AXIS2_PLACEMENT_3D('',#2606,#2135,#2136);
#1714=AXIS2_PLACEMENT_3D('',#2608,#2138,#2139);
#1715=AXIS2_PLACEMENT_3D('',#2609,#2140,#2141);
#1716=AXIS2_PLACEMENT_3D('',#2611,#2142,#2143);
#1717=AXIS2_PLACEMENT_3D('',#2613,#2145,#2146);
#1718=AXIS2_PLACEMENT_3D('',#2614,#2147,#2148);
#1719=AXIS2_PLACEMENT_3D('',#2616,#2149,#2150);
#1720=AXIS2_PLACEMENT_3D('',#2618,#2152,#2153);
#1721=AXIS2_PLACEMENT_3D('',#2619,#2154,#2155);
#1722=AXIS2_PLACEMENT_3D('',#2625,#2159,#2160);
#1723=AXIS2_PLACEMENT_3D('',#2627,#2161,#2162);
#1724=AXIS2_PLACEMENT_3D('',#2629,#2164,#2165);
#1725=AXIS2_PLACEMENT_3D('',#2633,#2168,#2169);
#1726=AXIS2_PLACEMENT_3D('',#2635,#2170,#2171);
#1727=AXIS2_PLACEMENT_3D('',#2637,#2173,#2174);
#1728=AXIS2_PLACEMENT_3D('',#2641,#2177,#2178);
#1729=AXIS2_PLACEMENT_3D('',#2643,#2179,#2180);
#1730=AXIS2_PLACEMENT_3D('',#2645,#2182,#2183);
#1731=AXIS2_PLACEMENT_3D('',#2649,#2186,#2187);
#1732=AXIS2_PLACEMENT_3D('',#2650,#2188,#2189);
#1733=AXIS2_PLACEMENT_3D('',#2651,#2190,#2191);
#1734=AXIS2_PLACEMENT_3D('',#2657,#2195,#2196);
#1735=AXIS2_PLACEMENT_3D('',#2659,#2197,#2198);
#1736=AXIS2_PLACEMENT_3D('',#2661,#2200,#2201);
#1737=AXIS2_PLACEMENT_3D('',#2665,#2204,#2205);
#1738=AXIS2_PLACEMENT_3D('',#2667,#2206,#2207);
#1739=AXIS2_PLACEMENT_3D('',#2669,#2209,#2210);
#1740=AXIS2_PLACEMENT_3D('',#2673,#2213,#2214);
#1741=AXIS2_PLACEMENT_3D('',#2675,#2215,#2216);
#1742=AXIS2_PLACEMENT_3D('',#2677,#2218,#2219);
#1743=AXIS2_PLACEMENT_3D('',#2681,#2222,#2223);
#1744=AXIS2_PLACEMENT_3D('',#2682,#2224,#2225);
#1745=AXIS2_PLACEMENT_3D('',#2683,#2226,#2227);
#1746=DIRECTION('axis',(0.,0.,1.));
#1747=DIRECTION('refdir',(1.,0.,0.));
#1748=DIRECTION('center_axis',(-1.,0.,0.));
#1749=DIRECTION('ref_axis',(0.,-0.965925826289068,-0.258819045102521));
#1750=DIRECTION('',(0.,1.,1.94289029309402E-16));
#1751=DIRECTION('',(0.,-0.25881904510252,0.965925826289068));
#1752=DIRECTION('',(0.,0.965925826289068,0.258819045102521));
#1753=DIRECTION('',(0.,-0.25881904510252,0.965925826289068));
#1754=DIRECTION('center_axis',(0.,-0.25881904510252,0.965925826289069));
#1755=DIRECTION('ref_axis',(-1.,2.14478618485239E-15,5.74693726168626E-16));
#1756=DIRECTION('center_axis',(2.46519032881566E-32,1.94289029309402E-16,
-1.));
#1757=DIRECTION('ref_axis',(-2.1447861848524E-15,-1.,-1.67561420691593E-16));
#1758=DIRECTION('',(0.,-0.25881904510252,0.965925826289068));
#1759=DIRECTION('center_axis',(4.00887754692537E-17,0.258819045102521,-0.965925826289068));
#1760=DIRECTION('ref_axis',(-1.,2.14478618485239E-15,5.74693726168626E-16));
#1761=DIRECTION('center_axis',(0.,0.965925826289069,0.25881904510252));
#1762=DIRECTION('ref_axis',(-1.,0.,0.));
#1763=DIRECTION('',(1.,-6.60545757795169E-33,2.46519032881566E-32));
#1764=DIRECTION('',(0.,-0.25881904510252,0.965925826289068));
#1765=DIRECTION('',(1.,-1.03757385862816E-17,3.87227835700558E-17));
#1766=DIRECTION('center_axis',(0.,-0.25881904510252,0.965925826289069));
#1767=DIRECTION('ref_axis',(4.44089209850061E-15,0.965925826289068,0.25881904510252));
#1768=DIRECTION('center_axis',(2.46519032881566E-32,1.94289029309402E-16,
-1.));
#1769=DIRECTION('ref_axis',(4.2895723697048E-15,1.,1.67561420691594E-16));
#1770=DIRECTION('',(0.,-0.25881904510252,0.965925826289068));
#1771=DIRECTION('center_axis',(4.00887754692537E-17,0.258819045102521,-0.965925826289068));
#1772=DIRECTION('ref_axis',(4.44089209850061E-15,0.965925826289068,0.25881904510252));
#1773=DIRECTION('center_axis',(1.,0.,0.));
#1774=DIRECTION('ref_axis',(0.,0.965925826289068,0.258819045102521));
#1775=DIRECTION('',(0.,-1.,-1.94289029309402E-16));
#1776=DIRECTION('',(0.,-0.25881904510252,0.965925826289068));
#1777=DIRECTION('',(0.,-0.965925826289068,-0.258819045102521));
#1778=DIRECTION('center_axis',(0.,-0.25881904510252,0.965925826289069));
#1779=DIRECTION('ref_axis',(1.,-2.14478618485239E-15,-5.74693726168626E-16));
#1780=DIRECTION('center_axis',(2.46519032881566E-32,1.94289029309402E-16,
-1.));
#1781=DIRECTION('ref_axis',(2.1447861848524E-15,1.,1.67561420691593E-16));
#1782=DIRECTION('',(0.,-0.25881904510252,0.965925826289068));
#1783=DIRECTION('center_axis',(4.00887754692537E-17,0.258819045102521,-0.965925826289068));
#1784=DIRECTION('ref_axis',(1.,-2.14478618485239E-15,-5.74693726168626E-16));
#1785=DIRECTION('center_axis',(-5.55111499904869E-16,-0.965925826289069,
-0.25881904510252));
#1786=DIRECTION('ref_axis',(1.,-5.36196534228175E-16,-1.43673428330806E-16));
#1787=DIRECTION('',(-1.,5.74693713323225E-16,8.70047804236287E-32));
#1788=DIRECTION('',(0.,-0.25881904510252,0.965925826289068));
#1789=DIRECTION('',(-1.,5.46572272814456E-16,1.0495064476075E-16));
#1790=DIRECTION('center_axis',(0.,-0.25881904510252,0.965925826289069));
#1791=DIRECTION('ref_axis',(-4.44089209850061E-15,-0.965925826289068,-0.25881904510252));
#1792=DIRECTION('center_axis',(2.46519032881566E-32,1.94289029309402E-16,
-1.));
#1793=DIRECTION('ref_axis',(-4.2895723697048E-15,-1.,-1.67561420691594E-16));
#1794=DIRECTION('center_axis',(4.00887754692537E-17,0.258819045102521,-0.965925826289068));
#1795=DIRECTION('ref_axis',(-4.44089209850061E-15,-0.965925826289068,-0.25881904510252));
#1796=DIRECTION('center_axis',(-1.,0.,0.));
#1797=DIRECTION('ref_axis',(0.,-0.965925826289068,-0.258819045102521));
#1798=DIRECTION('',(0.,1.,1.94289029309402E-16));
#1799=DIRECTION('',(0.,-0.25881904510252,0.965925826289068));
#1800=DIRECTION('',(0.,0.965925826289068,0.258819045102521));
#1801=DIRECTION('',(0.,-0.25881904510252,0.965925826289068));
#1802=DIRECTION('center_axis',(0.,-0.25881904510252,0.965925826289069));
#1803=DIRECTION('ref_axis',(-1.,-6.43435855455724E-15,-1.72408117850589E-15));
#1804=DIRECTION('center_axis',(2.46519032881566E-32,1.94289029309402E-16,
-1.));
#1805=DIRECTION('ref_axis',(6.43435855455724E-15,-1.,-1.67561420691595E-16));
#1806=DIRECTION('',(0.,-0.25881904510252,0.965925826289068));
#1807=DIRECTION('center_axis',(4.00887754692537E-17,0.258819045102521,-0.965925826289068));
#1808=DIRECTION('ref_axis',(-1.,-6.43435855455724E-15,-1.72408117850589E-15));
#1809=DIRECTION('center_axis',(0.,0.965925826289069,0.25881904510252));
#1810=DIRECTION('ref_axis',(-1.,0.,0.));
#1811=DIRECTION('',(1.,-6.60545757795169E-33,2.46519032881566E-32));
#1812=DIRECTION('',(0.,-0.25881904510252,0.965925826289068));
#1813=DIRECTION('',(1.,-1.03757385862816E-17,3.87227835700558E-17));
#1814=DIRECTION('center_axis',(0.,-0.25881904510252,0.965925826289069));
#1815=DIRECTION('ref_axis',(0.,0.965925826289068,0.25881904510252));
#1816=DIRECTION('center_axis',(2.46519032881566E-32,1.94289029309402E-16,
-1.));
#1817=DIRECTION('ref_axis',(0.,1.,1.67561420691595E-16));
#1818=DIRECTION('',(0.,-0.25881904510252,0.965925826289068));
#1819=DIRECTION('center_axis',(4.00887754692537E-17,0.258819045102521,-0.965925826289068));
#1820=DIRECTION('ref_axis',(0.,0.965925826289068,0.25881904510252));
#1821=DIRECTION('center_axis',(1.,0.,0.));
#1822=DIRECTION('ref_axis',(0.,0.965925826289068,0.258819045102521));
#1823=DIRECTION('',(0.,-1.,-1.94289029309402E-16));
#1824=DIRECTION('',(0.,-0.25881904510252,0.965925826289068));
#1825=DIRECTION('',(0.,-0.965925826289068,-0.258819045102521));
#1826=DIRECTION('center_axis',(0.,-0.25881904510252,0.965925826289069));
#1827=DIRECTION('ref_axis',(1.,6.43435855455724E-15,1.72408117850589E-15));
#1828=DIRECTION('center_axis',(2.46519032881566E-32,1.94289029309402E-16,
-1.));
#1829=DIRECTION('ref_axis',(-6.43435855455724E-15,1.,1.67561420691595E-16));
#1830=DIRECTION('',(0.,-0.25881904510252,0.965925826289068));
#1831=DIRECTION('center_axis',(4.00887754692537E-17,0.258819045102521,-0.965925826289068));
#1832=DIRECTION('ref_axis',(1.,6.43435855455724E-15,1.72408117850589E-15));
#1833=DIRECTION('center_axis',(0.,-0.965925826289069,-0.25881904510252));
#1834=DIRECTION('ref_axis',(1.,0.,0.));
#1835=DIRECTION('',(-1.,6.60545757795169E-33,-2.46519032881566E-32));
#1836=DIRECTION('',(0.,-0.25881904510252,0.965925826289068));
#1837=DIRECTION('',(-1.,1.03757385862816E-17,-3.87227835700558E-17));
#1838=DIRECTION('center_axis',(0.,-0.25881904510252,0.965925826289069));
#1839=DIRECTION('ref_axis',(0.,-0.965925826289069,-0.25881904510252));
#1840=DIRECTION('center_axis',(2.46519032881566E-32,1.94289029309402E-16,
-1.));
#1841=DIRECTION('ref_axis',(0.,-1.,-1.67561420691595E-16));
#1842=DIRECTION('center_axis',(4.00887754692537E-17,0.258819045102521,-0.965925826289068));
#1843=DIRECTION('ref_axis',(0.,-0.965925826289069,-0.25881904510252));
#1844=DIRECTION('center_axis',(-1.,0.,0.));
#1845=DIRECTION('ref_axis',(0.,-0.965925826289068,-0.258819045102521));
#1846=DIRECTION('',(0.,1.,1.94289029309402E-16));
#1847=DIRECTION('',(0.,-0.25881904510252,0.965925826289068));
#1848=DIRECTION('',(0.,0.965925826289068,0.258819045102521));
#1849=DIRECTION('',(0.,-0.25881904510252,0.965925826289068));
#1850=DIRECTION('center_axis',(0.,-0.25881904510252,0.965925826289069));
#1851=DIRECTION('ref_axis',(0.250000376254334,0.935253565884027,0.250600437696952));
#1852=DIRECTION('center_axis',(-2.46519032881566E-32,-1.94289029309402E-16,
1.));
#1853=DIRECTION('ref_axis',(-8.37807103457957E-16,1.,1.72713236227654E-16));
#1854=DIRECTION('',(0.,-0.25881904510252,0.965925826289068));
#1855=DIRECTION('center_axis',(-4.00887754692537E-17,-0.258819045102521,
0.965925826289068));
#1856=DIRECTION('ref_axis',(0.250000376254334,0.935253565884027,0.250600437696952));
#1857=DIRECTION('center_axis',(0.,-0.25881904510252,0.965925826289069));
#1858=DIRECTION('ref_axis',(-0.250000376254315,-0.935253565884032,-0.250600437696953));
#1859=DIRECTION('center_axis',(2.46519032881566E-32,1.94289029309402E-16,
-1.));
#1860=DIRECTION('ref_axis',(-3.01610557244874E-16,-1.,-1.72713236227659E-16));
#1861=DIRECTION('',(0.,-0.25881904510252,0.965925826289068));
#1862=DIRECTION('center_axis',(4.00887754692537E-17,0.258819045102521,-0.965925826289068));
#1863=DIRECTION('ref_axis',(-0.250000376254315,-0.935253565884032,-0.250600437696953));
#1864=DIRECTION('center_axis',(-1.,0.,0.));
#1865=DIRECTION('ref_axis',(0.,-0.965925826289068,-0.258819045102521));
#1866=DIRECTION('',(0.,1.,1.94289029309402E-16));
#1867=DIRECTION('',(0.,-0.25881904510252,0.965925826289068));
#1868=DIRECTION('',(0.,0.965925826289068,0.258819045102521));
#1869=DIRECTION('center_axis',(0.,-0.25881904510252,0.965925826289069));
#1870=DIRECTION('ref_axis',(-1.,-8.57914473940966E-15,-2.29877490467453E-15));
#1871=DIRECTION('center_axis',(2.46519032881566E-32,1.94289029309402E-16,
-1.));
#1872=DIRECTION('ref_axis',(8.57914473940966E-15,-1.,-1.67561420691595E-16));
#1873=DIRECTION('',(0.,-0.25881904510252,0.965925826289068));
#1874=DIRECTION('center_axis',(4.00887754692537E-17,0.258819045102521,-0.965925826289068));
#1875=DIRECTION('ref_axis',(-1.,-8.57914473940966E-15,-2.29877490467453E-15));
#1876=DIRECTION('center_axis',(0.,-0.25881904510252,0.965925826289069));
#1877=DIRECTION('ref_axis',(1.,0.,0.));
#1878=DIRECTION('center_axis',(-2.46519032881566E-32,-1.94289029309402E-16,
1.));
#1879=DIRECTION('ref_axis',(0.,1.,1.67561420691595E-16));
#1880=DIRECTION('',(0.,-0.25881904510252,0.965925826289068));
#1881=DIRECTION('center_axis',(-4.00887754692537E-17,-0.258819045102521,
0.965925826289068));
#1882=DIRECTION('ref_axis',(1.,0.,0.));
#1883=DIRECTION('center_axis',(-1.,3.91221479534787E-16,1.04827479503055E-16));
#1884=DIRECTION('ref_axis',(-4.05022279027156E-16,-0.965925826289068,-0.258819045102521));
#1885=DIRECTION('',(3.91221479534787E-16,1.,1.94289029309402E-16));
#1886=DIRECTION('',(0.,-0.25881904510252,0.965925826289068));
#1887=DIRECTION('',(4.05022279027156E-16,0.965925826289068,0.258819045102521));
#1888=DIRECTION('center_axis',(0.,-0.25881904510252,0.965925826289069));
#1889=DIRECTION('ref_axis',(-1.,-6.43435855455727E-15,-1.7240811785059E-15));
#1890=DIRECTION('center_axis',(2.46519032881566E-32,1.94289029309402E-16,
-1.));
#1891=DIRECTION('ref_axis',(6.43435855455727E-15,-1.,-1.67561420691596E-16));
#1892=DIRECTION('',(0.,-0.25881904510252,0.965925826289068));
#1893=DIRECTION('center_axis',(4.00887754692537E-17,0.258819045102521,-0.965925826289068));
#1894=DIRECTION('ref_axis',(-1.,-6.43435855455727E-15,-1.7240811785059E-15));
#1895=DIRECTION('center_axis',(0.,0.965925826289069,0.25881904510252));
#1896=DIRECTION('ref_axis',(-1.,0.,0.));
#1897=DIRECTION('',(1.,-6.60545757795169E-33,2.46519032881566E-32));
#1898=DIRECTION('',(0.,-0.25881904510252,0.965925826289068));
#1899=DIRECTION('',(1.,-1.03757385862816E-17,3.87227835700558E-17));
#1900=DIRECTION('center_axis',(0.,-0.25881904510252,0.965925826289069));
#1901=DIRECTION('ref_axis',(0.,0.965925826289068,0.25881904510252));
#1902=DIRECTION('center_axis',(2.46519032881566E-32,1.94289029309402E-16,
-1.));
#1903=DIRECTION('ref_axis',(0.,1.,1.67561420691595E-16));
#1904=DIRECTION('',(0.,-0.25881904510252,0.965925826289068));
#1905=DIRECTION('center_axis',(4.00887754692537E-17,0.258819045102521,-0.965925826289068));
#1906=DIRECTION('ref_axis',(0.,0.965925826289068,0.25881904510252));
#1907=DIRECTION('center_axis',(1.,0.,0.));
#1908=DIRECTION('ref_axis',(0.,0.965925826289068,0.258819045102521));
#1909=DIRECTION('',(0.,-1.,-1.94289029309402E-16));
#1910=DIRECTION('',(0.,-0.25881904510252,0.965925826289068));
#1911=DIRECTION('',(0.,-0.965925826289068,-0.258819045102521));
#1912=DIRECTION('center_axis',(0.,-0.25881904510252,0.965925826289069));
#1913=DIRECTION('ref_axis',(-0.656249633058904,-0.728833390206234,-0.195290318322597));
#1914=DIRECTION('center_axis',(-2.46519032881566E-32,-1.94289029309402E-16,
1.));
#1915=DIRECTION('ref_axis',(1.27346679725614E-15,-1.,-1.89115648040275E-16));
#1916=DIRECTION('',(0.,-0.25881904510252,0.965925826289068));
#1917=DIRECTION('center_axis',(-4.00887754692537E-17,-0.258819045102521,
0.965925826289068));
#1918=DIRECTION('ref_axis',(-0.656249633058904,-0.728833390206234,-0.195290318322597));
#1919=DIRECTION('center_axis',(0.,-0.25881904510252,0.965925826289069));
#1920=DIRECTION('ref_axis',(0.656249633058902,0.728833390206236,0.195290318322598));
#1921=DIRECTION('center_axis',(2.46519032881566E-32,1.94289029309402E-16,
-1.));
#1922=DIRECTION('ref_axis',(6.70245682766381E-17,1.,1.89115648040272E-16));
#1923=DIRECTION('',(0.,-0.25881904510252,0.965925826289068));
#1924=DIRECTION('center_axis',(4.00887754692537E-17,0.258819045102521,-0.965925826289068));
#1925=DIRECTION('ref_axis',(0.656249633058902,0.728833390206236,0.195290318322598));
#1926=DIRECTION('center_axis',(1.,0.,0.));
#1927=DIRECTION('ref_axis',(0.,0.965925826289068,0.258819045102521));
#1928=DIRECTION('',(0.,-1.,-1.94289029309402E-16));
#1929=DIRECTION('',(0.,-0.25881904510252,0.965925826289068));
#1930=DIRECTION('',(0.,-0.965925826289068,-0.258819045102521));
#1931=DIRECTION('center_axis',(0.,-0.25881904510252,0.965925826289069));
#1932=DIRECTION('ref_axis',(1.,4.28957236970483E-15,1.14938745233726E-15));
#1933=DIRECTION('center_axis',(2.46519032881566E-32,1.94289029309402E-16,
-1.));
#1934=DIRECTION('ref_axis',(-4.28957236970483E-15,1.,1.67561420691595E-16));
#1935=DIRECTION('',(0.,-0.25881904510252,0.965925826289068));
#1936=DIRECTION('center_axis',(4.00887754692537E-17,0.258819045102521,-0.965925826289068));
#1937=DIRECTION('ref_axis',(1.,4.28957236970483E-15,1.14938745233726E-15));
#1938=DIRECTION('center_axis',(0.,-0.25881904510252,0.965925826289069));
#1939=DIRECTION('ref_axis',(-1.,-1.71582894788196E-14,-4.59754980934913E-15));
#1940=DIRECTION('center_axis',(-2.46519032881566E-32,-1.94289029309402E-16,
1.));
#1941=DIRECTION('ref_axis',(1.71582894788196E-14,-1.,-1.67561420691598E-16));
#1942=DIRECTION('',(0.,-0.25881904510252,0.965925826289068));
#1943=DIRECTION('center_axis',(-4.00887754692537E-17,-0.258819045102521,
0.965925826289068));
#1944=DIRECTION('ref_axis',(-1.,-1.71582894788196E-14,-4.59754980934913E-15));
#1945=DIRECTION('center_axis',(1.,0.,0.));
#1946=DIRECTION('ref_axis',(0.,0.965925826289068,0.258819045102521));
#1947=DIRECTION('',(0.,-1.,-1.94289029309402E-16));
#1948=DIRECTION('',(0.,-0.25881904510252,0.965925826289068));
#1949=DIRECTION('',(0.,-0.965925826289068,-0.258819045102521));
#1950=DIRECTION('center_axis',(0.,-0.25881904510252,0.965925826289069));
#1951=DIRECTION('ref_axis',(1.,8.57914473940973E-15,2.29877490467455E-15));
#1952=DIRECTION('center_axis',(2.46519032881566E-32,1.94289029309402E-16,
-1.));
#1953=DIRECTION('ref_axis',(-8.57914473940973E-15,1.,1.67561420691596E-16));
#1954=DIRECTION('',(0.,-0.25881904510252,0.965925826289068));
#1955=DIRECTION('center_axis',(4.00887754692537E-17,0.258819045102521,-0.965925826289068));
#1956=DIRECTION('ref_axis',(1.,8.57914473940973E-15,2.29877490467455E-15));
#1957=DIRECTION('center_axis',(0.,-0.965925826289069,-0.25881904510252));
#1958=DIRECTION('ref_axis',(1.,0.,0.));
#1959=DIRECTION('',(-1.,6.60545757795169E-33,-2.46519032881566E-32));
#1960=DIRECTION('',(0.,-0.25881904510252,0.965925826289068));
#1961=DIRECTION('',(-1.,1.03757385862816E-17,-3.87227835700558E-17));
#1962=DIRECTION('center_axis',(0.,-0.25881904510252,0.965925826289069));
#1963=DIRECTION('ref_axis',(-0.866025408086042,0.482962905947811,0.129409520622904));
#1964=DIRECTION('center_axis',(-2.46519032881566E-32,-1.94289029309402E-16,
1.));
#1965=DIRECTION('ref_axis',(1.74263877519262E-15,1.,1.87002802282601E-16));
#1966=DIRECTION('',(0.,-0.25881904510252,0.965925826289068));
#1967=DIRECTION('center_axis',(-4.00887754692537E-17,-0.258819045102521,
0.965925826289068));
#1968=DIRECTION('ref_axis',(-0.866025408086042,0.482962905947811,0.129409520622904));
#1969=DIRECTION('center_axis',(0.,-0.25881904510252,0.965925826289069));
#1970=DIRECTION('ref_axis',(0.866025408086035,-0.482962905947824,-0.129409520622907));
#1971=DIRECTION('center_axis',(2.46519032881566E-32,1.94289029309402E-16,
-1.));
#1972=DIRECTION('ref_axis',(-7.37270251043023E-16,-1.,-1.87002802282599E-16));
#1973=DIRECTION('',(0.,-0.25881904510252,0.965925826289068));
#1974=DIRECTION('center_axis',(4.00887754692537E-17,0.258819045102521,-0.965925826289068));
#1975=DIRECTION('ref_axis',(0.866025408086035,-0.482962905947824,-0.129409520622907));
#1976=DIRECTION('center_axis',(6.45700632583866E-16,-0.965925826289069,
-0.25881904510252));
#1977=DIRECTION('ref_axis',(1.,6.23698917063945E-16,1.6711962114745E-16));
#1978=DIRECTION('',(-1.,-6.68478484589799E-16,-1.54529939173329E-31));
#1979=DIRECTION('',(0.,-0.25881904510252,0.965925826289068));
#1980=DIRECTION('',(-1.,-6.13323178477663E-16,-2.05842404717506E-16));
#1981=DIRECTION('center_axis',(0.,-0.25881904510252,0.965925826289069));
#1982=DIRECTION('ref_axis',(-4.44089209850066E-15,-0.965925826289069,-0.25881904510252));
#1983=DIRECTION('center_axis',(2.46519032881566E-32,1.94289029309402E-16,
-1.));
#1984=DIRECTION('ref_axis',(-4.28957236970485E-15,-1.,-1.67561420691596E-16));
#1985=DIRECTION('',(0.,-0.25881904510252,0.965925826289068));
#1986=DIRECTION('center_axis',(4.00887754692537E-17,0.258819045102521,-0.965925826289068));
#1987=DIRECTION('ref_axis',(-4.44089209850066E-15,-0.965925826289069,-0.25881904510252));
#1988=DIRECTION('center_axis',(0.,-0.25881904510252,0.965925826289069));
#1989=DIRECTION('ref_axis',(2.59151367032472E-9,0.965925826289069,0.25881904510252));
#1990=DIRECTION('center_axis',(-2.46519032881566E-32,-1.94289029309402E-16,
1.));
#1991=DIRECTION('ref_axis',(2.50320998334782E-9,1.,1.67561420691593E-16));
#1992=DIRECTION('',(0.,-0.25881904510252,0.965925826289068));
#1993=DIRECTION('center_axis',(-4.00887754692537E-17,-0.258819045102521,
0.965925826289068));
#1994=DIRECTION('ref_axis',(2.59151367032472E-9,0.965925826289069,0.25881904510252));
#1995=DIRECTION('center_axis',(-2.59150866281358E-9,-0.965925826289069,
-0.25881904510252));
#1996=DIRECTION('ref_axis',(1.,-2.50320514646348E-9,-6.70731797484322E-10));
#1997=DIRECTION('',(-1.,2.68292718993728E-9,5.21263294788814E-25));
#1998=DIRECTION('',(0.,-0.25881904510252,0.965925826289068));
#1999=DIRECTION('',(-1.,2.50320515683922E-9,6.70731758761538E-10));
#2000=DIRECTION('center_axis',(0.,-0.25881904510252,0.965925826289069));
#2001=DIRECTION('ref_axis',(0.,-0.965925826289069,-0.25881904510252));
#2002=DIRECTION('center_axis',(2.46519032881566E-32,1.94289029309402E-16,
-1.));
#2003=DIRECTION('ref_axis',(0.,-1.,-1.67561420691595E-16));
#2004=DIRECTION('center_axis',(4.00887754692537E-17,0.258819045102521,-0.965925826289068));
#2005=DIRECTION('ref_axis',(0.,-0.965925826289069,-0.25881904510252));
#2006=DIRECTION('center_axis',(-1.30555410042305E-32,-0.258819045102521,
0.965925826289068));
#2007=DIRECTION('ref_axis',(1.,-3.37902265601176E-33,1.26106842321622E-32));
#2008=DIRECTION('',(-3.65317601933213E-16,0.965925826289068,0.258819045102521));
#2009=DIRECTION('center_axis',(-1.30555410042305E-32,-0.258819045102521,
0.965925826289068));
#2010=DIRECTION('ref_axis',(1.,-3.37902265601176E-33,1.26106842321622E-32));
#2011=DIRECTION('',(-1.,-1.10800968923208E-16,7.12048310092375E-17));
#2012=DIRECTION('center_axis',(1.08531606963282E-29,-0.258819045102523,
0.965925826289068));
#2013=DIRECTION('ref_axis',(-4.44089209850065E-15,0.965925826289068,0.258819045102523));
#2014=DIRECTION('',(0.,-0.965925826289068,-0.258819045102521));
#2015=DIRECTION('center_axis',(-4.4408920985006E-15,-0.258819045102521,
0.965925826289068));
#2016=DIRECTION('ref_axis',(-1.,-3.14018491736753E-15,-5.43895982204205E-15));
#2017=DIRECTION('',(1.,1.73448049568945E-16,3.73030956150431E-17));
#2018=DIRECTION('center_axis',(6.32324953913672E-33,-0.258819045102519,
0.965925826289069));
#2019=DIRECTION('ref_axis',(1.55880136105678E-63,-0.965925826289069,-0.258819045102519));
#2020=DIRECTION('center_axis',(0.,0.258819045102521,-0.965925826289068));
#2021=DIRECTION('ref_axis',(-8.88178419700132E-15,-0.965925826289068,-0.258819045102521));
#2022=DIRECTION('',(-1.,-1.8599771792758E-16,-4.98379383127268E-17));
#2023=DIRECTION('center_axis',(-1.74147635567747E-30,0.258819045102521,
-0.965925826289068));
#2024=DIRECTION('ref_axis',(-1.,-4.28957236970477E-15,-1.14938745233725E-15));
#2025=DIRECTION('',(0.,0.965925826289068,0.258819045102521));
#2026=DIRECTION('center_axis',(2.65789053276845E-16,0.258819045102521,-0.965925826289068));
#2027=DIRECTION('ref_axis',(-4.4408920985006E-15,0.965925826289068,0.258819045102521));
#2028=DIRECTION('',(1.,-2.54788986895396E-16,2.06894572592299E-16));
#2029=DIRECTION('center_axis',(2.65789053276846E-16,0.258819045102521,-0.965925826289068));
#2030=DIRECTION('ref_axis',(1.,-2.21357745382023E-15,-3.17961215263608E-16));
#2031=DIRECTION('',(0.,-0.965925826289068,-0.258819045102521));
#2032=DIRECTION('center_axis',(-1.,0.,0.));
#2033=DIRECTION('ref_axis',(0.,-0.965925826289068,-0.258819045102521));
#2034=DIRECTION('',(0.,0.965925826289068,0.258819045102521));
#2035=DIRECTION('',(0.,-0.25881904510252,0.965925826289069));
#2036=DIRECTION('',(0.,-0.25881904510252,0.965925826289069));
#2037=DIRECTION('center_axis',(0.,-0.25881904510252,0.965925826289069));
#2038=DIRECTION('ref_axis',(1.,-2.14478618485241E-15,-5.74693726168631E-16));
#2039=DIRECTION('center_axis',(-4.00887754692537E-17,-0.258819045102521,
0.965925826289068));
#2040=DIRECTION('ref_axis',(1.,-2.14478618485241E-15,-5.74693726168631E-16));
#2041=DIRECTION('',(0.,-0.25881904510252,0.965925826289068));
#2042=DIRECTION('center_axis',(-1.92559006981057E-16,-0.965925826289069,
-0.25881904510252));
#2043=DIRECTION('ref_axis',(1.,-2.54788986895396E-16,2.06894572592299E-16));
#2044=DIRECTION('',(-1.,1.96373456513862E-16,1.11151547426711E-17));
#2045=DIRECTION('',(0.,-0.25881904510252,0.965925826289068));
#2046=DIRECTION('center_axis',(0.,-0.25881904510252,0.965925826289069));
#2047=DIRECTION('ref_axis',(-4.4408920985006E-15,0.965925826289069,0.25881904510252));
#2048=DIRECTION('center_axis',(-4.00887754692537E-17,-0.258819045102521,
0.965925826289068));
#2049=DIRECTION('ref_axis',(-4.4408920985006E-15,0.965925826289069,0.25881904510252));
#2050=DIRECTION('',(0.,-0.25881904510252,0.965925826289068));
#2051=DIRECTION('center_axis',(1.,0.,0.));
#2052=DIRECTION('ref_axis',(0.,0.965925826289068,0.258819045102521));
#2053=DIRECTION('',(0.,-0.965925826289068,-0.258819045102521));
#2054=DIRECTION('',(0.,-0.25881904510252,0.965925826289069));
#2055=DIRECTION('center_axis',(0.,-0.25881904510252,0.965925826289069));
#2056=DIRECTION('ref_axis',(-1.,-4.28957236970477E-15,-1.14938745233725E-15));
#2057=DIRECTION('center_axis',(-4.00887754692537E-17,-0.258819045102521,
0.965925826289068));
#2058=DIRECTION('ref_axis',(-1.,-4.28957236970477E-15,-1.14938745233725E-15));
#2059=DIRECTION('',(0.,-0.25881904510252,0.965925826289069));
#2060=DIRECTION('center_axis',(-1.92559006981057E-16,0.965925826289069,
0.25881904510252));
#2061=DIRECTION('ref_axis',(-1.,-1.8599771792758E-16,-4.98379383127268E-17));
#2062=DIRECTION('',(1.,1.75621979341298E-16,8.85607218827826E-17));
#2063=DIRECTION('',(0.,-0.25881904510252,0.965925826289069));
#2064=DIRECTION('center_axis',(0.,-0.25881904510252,0.965925826289069));
#2065=DIRECTION('ref_axis',(-8.88178419700132E-15,-0.965925826289069,-0.25881904510252));
#2066=DIRECTION('center_axis',(-4.00887754692537E-17,-0.258819045102521,
0.965925826289068));
#2067=DIRECTION('ref_axis',(-8.88178419700132E-15,-0.965925826289069,-0.25881904510252));
#2068=DIRECTION('center_axis',(0.,-0.258819045102521,0.965925826289068));
#2069=DIRECTION('ref_axis',(1.,0.,0.));
#2070=DIRECTION('center_axis',(-4.00887754692537E-17,-0.258819045102521,
0.965925826289068));
#2071=DIRECTION('ref_axis',(1.,0.,0.));
#2072=DIRECTION('',(0.,0.258819045102521,-0.965925826289068));
#2073=DIRECTION('center_axis',(0.,0.258819045102521,-0.965925826289068));
#2074=DIRECTION('ref_axis',(1.,0.,0.));
#2075=DIRECTION('center_axis',(4.00887754692537E-17,0.258819045102521,-0.965925826289068));
#2076=DIRECTION('ref_axis',(-1.,1.20899850881047E-16,-9.10793693650667E-18));
#2077=DIRECTION('center_axis',(0.,-0.258819045102521,0.965925826289068));
#2078=DIRECTION('ref_axis',(1.,0.,0.));
#2079=DIRECTION('center_axis',(-4.00887754692537E-17,-0.258819045102521,
0.965925826289068));
#2080=DIRECTION('ref_axis',(1.,0.,0.));
#2081=DIRECTION('',(0.,0.258819045102521,-0.965925826289068));
#2082=DIRECTION('center_axis',(0.,0.258819045102521,-0.965925826289068));
#2083=DIRECTION('ref_axis',(1.,0.,0.));
#2084=DIRECTION('center_axis',(4.00887754692537E-17,0.258819045102521,-0.965925826289068));
#2085=DIRECTION('ref_axis',(-1.,1.20899850881047E-16,-9.10793693650667E-18));
#2086=DIRECTION('center_axis',(0.,-0.258819045102521,0.965925826289068));
#2087=DIRECTION('ref_axis',(1.,0.,0.));
#2088=DIRECTION('center_axis',(-4.00887754692537E-17,-0.258819045102521,
0.965925826289068));
#2089=DIRECTION('ref_axis',(1.,0.,0.));
#2090=DIRECTION('',(0.,0.258819045102521,-0.965925826289068));
#2091=DIRECTION('center_axis',(0.,0.258819045102521,-0.965925826289068));
#2092=DIRECTION('ref_axis',(1.,0.,0.));
#2093=DIRECTION('center_axis',(4.00887754692537E-17,0.258819045102521,-0.965925826289068));
#2094=DIRECTION('ref_axis',(-1.,1.20899850881047E-16,-9.10793693650667E-18));
#2095=DIRECTION('center_axis',(0.,-0.258819045102521,0.965925826289068));
#2096=DIRECTION('ref_axis',(1.,0.,0.));
#2097=DIRECTION('center_axis',(-4.00887754692537E-17,-0.258819045102521,
0.965925826289068));
#2098=DIRECTION('ref_axis',(1.,0.,0.));
#2099=DIRECTION('',(0.,0.258819045102521,-0.965925826289068));
#2100=DIRECTION('center_axis',(0.,0.258819045102521,-0.965925826289068));
#2101=DIRECTION('ref_axis',(1.,0.,0.));
#2102=DIRECTION('center_axis',(4.00887754692537E-17,0.258819045102521,-0.965925826289068));
#2103=DIRECTION('ref_axis',(-1.,1.20899850881047E-16,-9.10793693650667E-18));
#2104=DIRECTION('center_axis',(0.,-0.258819045102522,0.965925826289068));
#2105=DIRECTION('ref_axis',(1.,0.,0.));
#2106=DIRECTION('center_axis',(0.,-0.258819045102521,0.965925826289068));
#2107=DIRECTION('ref_axis',(1.,0.,0.));
#2108=DIRECTION('',(0.,0.258819045102522,-0.965925826289068));
#2109=DIRECTION('center_axis',(4.00887754692537E-17,0.258819045102521,-0.965925826289068));
#2110=DIRECTION('ref_axis',(1.,0.,0.));
#2111=DIRECTION('center_axis',(0.,-0.258819045102521,0.965925826289068));
#2112=DIRECTION('ref_axis',(1.,0.,0.));
#2113=DIRECTION('center_axis',(4.00887754692537E-17,0.258819045102521,-0.965925826289068));
#2114=DIRECTION('ref_axis',(-1.,1.20899850881047E-16,-9.10793693650667E-18));
#2115=DIRECTION('center_axis',(4.00887754692537E-17,0.258819045102521,-0.965925826289068));
#2116=DIRECTION('ref_axis',(1.,0.,0.));
#2117=DIRECTION('',(-1.,-3.94300900065116E-16,-1.47155562092439E-16));
#2118=DIRECTION('center_axis',(4.00887754692537E-17,0.258819045102521,-0.965925826289068));
#2119=DIRECTION('ref_axis',(-1.,4.28957236970483E-15,1.14938745233727E-15));
#2120=DIRECTION('',(0.,0.965925826289068,0.258819045102521));
#2121=DIRECTION('center_axis',(4.00887754692537E-17,0.258819045102521,-0.965925826289068));
#2122=DIRECTION('ref_axis',(0.,0.965925826289068,0.258819045102521));
#2123=DIRECTION('',(1.,-1.03757385862816E-17,3.87227835700558E-17));
#2124=DIRECTION('center_axis',(4.00887754692537E-17,0.258819045102521,-0.965925826289068));
#2125=DIRECTION('ref_axis',(1.,0.,0.));
#2126=DIRECTION('',(0.,-0.965925826289068,-0.258819045102521));
#2127=DIRECTION('center_axis',(4.00887754692537E-17,0.258819045102521,-0.965925826289068));
#2128=DIRECTION('ref_axis',(0.,-0.965925826289068,-0.258819045102521));
#2129=DIRECTION('center_axis',(4.00887754692537E-17,0.258819045102521,-0.965925826289068));
#2130=DIRECTION('ref_axis',(1.,0.,0.));
#2131=DIRECTION('center_axis',(4.00887754692537E-17,0.258819045102521,-0.965925826289068));
#2132=DIRECTION('ref_axis',(1.,0.,0.));
#2133=DIRECTION('center_axis',(0.,-0.25881904510252,0.965925826289069));
#2134=DIRECTION('ref_axis',(1.,0.,0.));
#2135=DIRECTION('center_axis',(0.,-0.258819045102521,0.965925826289068));
#2136=DIRECTION('ref_axis',(1.,0.,0.));
#2137=DIRECTION('',(0.,0.25881904510252,-0.965925826289068));
#2138=DIRECTION('center_axis',(0.,-0.258819045102521,0.965925826289068));
#2139=DIRECTION('ref_axis',(1.,0.,0.));
#2140=DIRECTION('center_axis',(0.,-0.258819045102522,0.965925826289068));
#2141=DIRECTION('ref_axis',(1.,0.,0.));
#2142=DIRECTION('center_axis',(0.,-0.258819045102521,0.965925826289068));
#2143=DIRECTION('ref_axis',(1.,0.,0.));
#2144=DIRECTION('',(0.,0.258819045102522,-0.965925826289068));
#2145=DIRECTION('center_axis',(0.,-0.258819045102521,0.965925826289068));
#2146=DIRECTION('ref_axis',(1.,0.,0.));
#2147=DIRECTION('center_axis',(0.,-0.25881904510252,0.965925826289069));
#2148=DIRECTION('ref_axis',(1.,0.,0.));
#2149=DIRECTION('center_axis',(0.,-0.258819045102521,0.965925826289068));
#2150=DIRECTION('ref_axis',(1.,0.,0.));
#2151=DIRECTION('',(0.,0.25881904510252,-0.965925826289068));
#2152=DIRECTION('center_axis',(0.,-0.258819045102521,0.965925826289068));
#2153=DIRECTION('ref_axis',(1.,0.,0.));
#2154=DIRECTION('center_axis',(0.,0.965925826289068,0.258819045102521));
#2155=DIRECTION('ref_axis',(1.,0.,0.));
#2156=DIRECTION('',(1.,-6.60545757795171E-33,2.46519032881566E-32));
#2157=DIRECTION('',(0.,0.258819045102521,-0.965925826289068));
#2158=DIRECTION('',(0.,0.258819045102521,-0.965925826289068));
#2159=DIRECTION('center_axis',(0.,0.258819045102521,-0.965925826289068));
#2160=DIRECTION('ref_axis',(0.,0.965925826289068,0.258819045102521));
#2161=DIRECTION('center_axis',(2.46519032881566E-32,1.94289029309402E-16,
-1.));
#2162=DIRECTION('ref_axis',(0.,1.,1.67561420691595E-16));
#2163=DIRECTION('',(0.,0.258819045102521,-0.965925826289068));
#2164=DIRECTION('center_axis',(-1.,0.,0.));
#2165=DIRECTION('ref_axis',(0.,0.965925826289068,0.258819045102521));
#2166=DIRECTION('',(0.,1.,1.94289029309402E-16));
#2167=DIRECTION('',(0.,0.258819045102521,-0.965925826289068));
#2168=DIRECTION('center_axis',(0.,0.258819045102521,-0.965925826289068));
#2169=DIRECTION('ref_axis',(-1.,4.28957236970483E-15,1.14938745233727E-15));
#2170=DIRECTION('center_axis',(2.46519032881566E-32,1.94289029309402E-16,
-1.));
#2171=DIRECTION('ref_axis',(4.28957236970483E-15,1.,1.67561420691595E-16));
#2172=DIRECTION('',(0.,0.258819045102521,-0.965925826289068));
#2173=DIRECTION('center_axis',(4.18952084764211E-16,-0.965925826289068,
-0.258819045102521));
#2174=DIRECTION('ref_axis',(-1.,-4.04676638651398E-16,-1.08432778522383E-16));
#2175=DIRECTION('',(-1.,-4.33731114089533E-16,-1.08921100425898E-31));
#2176=DIRECTION('',(0.,0.258819045102521,-0.965925826289068));
#2177=DIRECTION('center_axis',(0.,0.258819045102521,-0.965925826289068));
#2178=DIRECTION('ref_axis',(0.,-0.965925826289068,-0.258819045102521));
#2179=DIRECTION('center_axis',(2.46519032881566E-32,1.94289029309402E-16,
-1.));
#2180=DIRECTION('ref_axis',(0.,-1.,-1.67561420691595E-16));
#2181=DIRECTION('',(0.,0.258819045102521,-0.965925826289068));
#2182=DIRECTION('center_axis',(1.,0.,0.));
#2183=DIRECTION('ref_axis',(0.,-0.965925826289068,-0.258819045102521));
#2184=DIRECTION('',(0.,-1.,-1.94289029309402E-16));
#2185=DIRECTION('',(0.,0.258819045102521,-0.965925826289068));
#2186=DIRECTION('center_axis',(0.,0.258819045102521,-0.965925826289068));
#2187=DIRECTION('ref_axis',(1.,0.,0.));
#2188=DIRECTION('center_axis',(2.46519032881566E-32,1.94289029309402E-16,
-1.));
#2189=DIRECTION('ref_axis',(0.,-1.,-1.67561420691595E-16));
#2190=DIRECTION('center_axis',(1.,-1.10524112294765E-16,-2.9614846633549E-17));
#2191=DIRECTION('ref_axis',(1.1442298081974E-16,0.965925826289068,0.258819045102521));
#2192=DIRECTION('',(-1.10524112294765E-16,-1.,-1.94289029309402E-16));
#2193=DIRECTION('',(0.,-0.25881904510252,0.965925826289069));
#2194=DIRECTION('',(0.,-0.25881904510252,0.965925826289069));
#2195=DIRECTION('center_axis',(0.,-0.25881904510252,0.965925826289069));
#2196=DIRECTION('ref_axis',(1.,-1.10524112294765E-16,-2.9614846633549E-17));
#2197=DIRECTION('center_axis',(2.46519032881566E-32,1.94289029309402E-16,
-1.));
#2198=DIRECTION('ref_axis',(1.10524112294765E-16,1.,1.67561420691595E-16));
#2199=DIRECTION('',(0.,-0.25881904510252,0.965925826289069));
#2200=DIRECTION('center_axis',(-1.1442298081974E-16,-0.965925826289069,
-0.25881904510252));
#2201=DIRECTION('ref_axis',(1.,-1.20899850881047E-16,9.10793693650667E-18));
#2202=DIRECTION('',(-1.,1.18459386534196E-16,-1.6365440658403E-33));
#2203=DIRECTION('',(0.,-0.25881904510252,0.965925826289069));
#2204=DIRECTION('center_axis',(0.,-0.25881904510252,0.965925826289069));
#2205=DIRECTION('ref_axis',(-8.99620717782091E-15,-0.965925826289069,-0.25881904510252));
#2206=DIRECTION('center_axis',(2.46519032881566E-32,1.94289029309402E-16,
-1.));
#2207=DIRECTION('ref_axis',(-8.68966885170431E-15,-1.,-1.67561420691593E-16));
#2208=DIRECTION('',(0.,-0.25881904510252,0.965925826289069));
#2209=DIRECTION('center_axis',(-1.,1.10524112294765E-16,2.9614846633549E-17));
#2210=DIRECTION('ref_axis',(-1.1442298081974E-16,-0.965925826289068,-0.258819045102521));
#2211=DIRECTION('',(1.10524112294765E-16,1.,1.94289029309402E-16));
#2212=DIRECTION('',(0.,-0.25881904510252,0.965925826289069));
#2213=DIRECTION('center_axis',(0.,-0.25881904510252,0.965925826289069));
#2214=DIRECTION('ref_axis',(-1.,1.10524112294765E-16,2.9614846633549E-17));
#2215=DIRECTION('center_axis',(2.46519032881566E-32,1.94289029309402E-16,
-1.));
#2216=DIRECTION('ref_axis',(-1.10524112294765E-16,-1.,-1.67561420691595E-16));
#2217=DIRECTION('',(0.,-0.25881904510252,0.965925826289069));
#2218=DIRECTION('center_axis',(1.1442298081974E-16,0.965925826289069,0.25881904510252));
#2219=DIRECTION('ref_axis',(-1.,1.20899850881047E-16,-9.10793693650667E-18));
#2220=DIRECTION('',(1.,-1.18459386534196E-16,1.6365440658403E-33));
#2221=DIRECTION('',(0.,-0.25881904510252,0.965925826289069));
#2222=DIRECTION('center_axis',(0.,-0.25881904510252,0.965925826289069));
#2223=DIRECTION('ref_axis',(1.1442298081974E-16,0.965925826289069,0.25881904510252));
#2224=DIRECTION('center_axis',(2.46519032881566E-32,1.94289029309402E-16,
-1.));
#2225=DIRECTION('ref_axis',(1.10524112294765E-16,1.,1.67561420691595E-16));
#2226=DIRECTION('center_axis',(2.46519032881566E-32,1.94289029309402E-16,
-1.));
#2227=DIRECTION('ref_axis',(-1.,1.19700768235487E-16,-1.54074395550979E-33));
#2228=CARTESIAN_POINT('',(0.,0.,0.));
#2229=CARTESIAN_POINT('Origin',(106.249999642372,-71.289127036399,35.1983716439859));
#2230=CARTESIAN_POINT('',(106.249999642372,-64.4459422305276,9.65925826289071));
#2231=CARTESIAN_POINT('',(106.249999642372,-70.6575995289636,9.65925826289071));
#2232=CARTESIAN_POINT('',(106.249999642372,-89.4204830050045,9.65925826289071));
#2233=CARTESIAN_POINT('',(106.249999642372,-71.9361746491553,37.6131862097086));
#2234=CARTESIAN_POINT('',(106.249999642372,-71.289127036399,35.1983716439859));
#2235=CARTESIAN_POINT('',(106.249999642372,-77.7317298083975,36.0602718850996));
#2236=CARTESIAN_POINT('',(106.249999642372,-91.0735800825074,32.4853338786149));
#2237=CARTESIAN_POINT('',(106.249999642372,-77.0846821956412,33.645457319377));
#2238=CARTESIAN_POINT('Origin',(110.249999642372,-71.289127036399,35.1983716439859));
#2239=CARTESIAN_POINT('',(110.249999642372,-60.3048375088873,9.65925826289071));
#2240=CARTESIAN_POINT('Origin',(110.249999642372,-64.4459422305276,9.65925826289071));
#2241=CARTESIAN_POINT('',(110.249999642372,-68.072471343999,38.6484623901187));
#2242=CARTESIAN_POINT('',(110.249999642372,-67.4254237312427,36.233647824396));
#2243=CARTESIAN_POINT('Origin',(110.249999642372,-71.9361746491553,37.6131862097086));
#2244=CARTESIAN_POINT('Origin',(126.25,-67.4254237312427,36.233647824396));
#2245=CARTESIAN_POINT('',(126.25,-60.3048375088873,9.65925826289071));
#2246=CARTESIAN_POINT('',(137.6875,-60.3048375088873,9.65925826289071));
#2247=CARTESIAN_POINT('',(126.25,-68.072471343999,38.6484623901187));
#2248=CARTESIAN_POINT('',(126.25,-67.4254237312427,36.233647824396));
#2249=CARTESIAN_POINT('',(137.6875,-68.072471343999,38.6484623901187));
#2250=CARTESIAN_POINT('Origin',(126.25,-71.289127036399,35.1983716439859));
#2251=CARTESIAN_POINT('',(130.25,-64.4459422305276,9.65925826289071));
#2252=CARTESIAN_POINT('Origin',(126.25,-64.4459422305276,9.65925826289071));
#2253=CARTESIAN_POINT('',(130.25,-71.9361746491553,37.6131862097086));
#2254=CARTESIAN_POINT('',(130.25,-71.289127036399,35.1983716439859));
#2255=CARTESIAN_POINT('Origin',(126.25,-71.9361746491553,37.6131862097086));
#2256=CARTESIAN_POINT('Origin',(130.25,-77.0846821956412,33.645457319377));
#2257=CARTESIAN_POINT('',(130.25,-70.6575995289636,9.65925826289071));
#2258=CARTESIAN_POINT('',(130.25,-92.3182605846257,9.65925826289071));
#2259=CARTESIAN_POINT('',(130.25,-77.7317298083975,36.0602718850996));
#2260=CARTESIAN_POINT('',(130.25,-77.0846821956412,33.645457319377));
#2261=CARTESIAN_POINT('',(130.25,-93.9713576621286,31.7088767163104));
#2262=CARTESIAN_POINT('Origin',(126.25,-77.0846821956412,33.645457319377));
#2263=CARTESIAN_POINT('',(126.25,-74.7987042506039,9.65925826289071));
#2264=CARTESIAN_POINT('Origin',(126.25,-70.6575995289636,9.65925826289071));
#2265=CARTESIAN_POINT('',(126.25,-81.5954331135538,35.0249957046895));
#2266=CARTESIAN_POINT('',(126.25,-80.9483855007975,32.6101811389669));
#2267=CARTESIAN_POINT('Origin',(126.25,-77.7317298083975,36.0602718850996));
#2268=CARTESIAN_POINT('Origin',(110.249999642372,-80.9483855007975,32.6101811389669));
#2269=CARTESIAN_POINT('',(110.249999642372,-74.7987042506039,9.65925826289071));
#2270=CARTESIAN_POINT('',(129.687499821186,-74.7987042506039,9.65925826289071));
#2271=CARTESIAN_POINT('',(110.249999642372,-81.5954331135538,35.0249957046895));
#2272=CARTESIAN_POINT('',(110.249999642372,-80.9483855007975,32.6101811389669));
#2273=CARTESIAN_POINT('',(129.687499821186,-81.5954331135538,35.0249957046895));
#2274=CARTESIAN_POINT('Origin',(110.249999642372,-77.0846821956412,33.645457319377));
#2275=CARTESIAN_POINT('Origin',(110.249999642372,-70.6575995289636,9.65925826289071));
#2276=CARTESIAN_POINT('Origin',(110.249999642372,-77.7317298083975,36.0602718850996));
#2277=CARTESIAN_POINT('Origin',(168.249999642372,-71.289127036399,35.1983716439859));
#2278=CARTESIAN_POINT('',(168.249999642372,-64.4459422305276,9.65925826289071));
#2279=CARTESIAN_POINT('',(168.249999642372,-70.6575995289636,9.65925826289071));
#2280=CARTESIAN_POINT('',(168.249999642372,-89.4204830050045,9.65925826289071));
#2281=CARTESIAN_POINT('',(168.249999642372,-71.9361746491553,37.6131862097086));
#2282=CARTESIAN_POINT('',(168.249999642372,-71.289127036399,35.1983716439859));
#2283=CARTESIAN_POINT('',(168.249999642372,-77.7317298083975,36.0602718850996));
#2284=CARTESIAN_POINT('',(168.249999642372,-91.0735800825074,32.4853338786149));
#2285=CARTESIAN_POINT('',(168.249999642372,-77.0846821956412,33.645457319377));
#2286=CARTESIAN_POINT('Origin',(172.249999642372,-71.2891270363989,35.1983716439859));
#2287=CARTESIAN_POINT('',(172.249999642372,-60.3048375088873,9.65925826289071));
#2288=CARTESIAN_POINT('Origin',(172.249999642372,-64.4459422305276,9.65925826289071));
#2289=CARTESIAN_POINT('',(172.249999642372,-68.072471343999,38.6484623901187));
#2290=CARTESIAN_POINT('',(172.249999642372,-67.4254237312427,36.233647824396));
#2291=CARTESIAN_POINT('Origin',(172.249999642372,-71.9361746491552,37.6131862097086));
#2292=CARTESIAN_POINT('Origin',(188.25,-67.4254237312427,36.233647824396));
#2293=CARTESIAN_POINT('',(188.25,-60.3048375088873,9.65925826289071));
#2294=CARTESIAN_POINT('',(168.6875,-60.3048375088873,9.65925826289071));
#2295=CARTESIAN_POINT('',(188.25,-68.072471343999,38.6484623901187));
#2296=CARTESIAN_POINT('',(188.25,-67.4254237312427,36.233647824396));
#2297=CARTESIAN_POINT('',(168.6875,-68.072471343999,38.6484623901187));
#2298=CARTESIAN_POINT('Origin',(188.25,-71.2891270363989,35.1983716439859));
#2299=CARTESIAN_POINT('',(192.25,-64.4459422305276,9.65925826289071));
#2300=CARTESIAN_POINT('Origin',(188.25,-64.4459422305276,9.65925826289071));
#2301=CARTESIAN_POINT('',(192.25,-71.9361746491553,37.6131862097086));
#2302=CARTESIAN_POINT('',(192.25,-71.289127036399,35.1983716439859));
#2303=CARTESIAN_POINT('Origin',(188.25,-71.9361746491552,37.6131862097086));
#2304=CARTESIAN_POINT('Origin',(192.25,-77.0846821956412,33.645457319377));
#2305=CARTESIAN_POINT('',(192.25,-70.6575995289636,9.65925826289071));
#2306=CARTESIAN_POINT('',(192.25,-92.3182605846257,9.65925826289071));
#2307=CARTESIAN_POINT('',(192.25,-77.7317298083975,36.0602718850996));
#2308=CARTESIAN_POINT('',(192.25,-77.0846821956412,33.645457319377));
#2309=CARTESIAN_POINT('',(192.25,-93.9713576621286,31.7088767163104));
#2310=CARTESIAN_POINT('Origin',(188.25,-77.0846821956412,33.6454573193769));
#2311=CARTESIAN_POINT('',(188.25,-74.7987042506039,9.65925826289071));
#2312=CARTESIAN_POINT('Origin',(188.25,-70.6575995289636,9.65925826289071));
#2313=CARTESIAN_POINT('',(188.25,-81.5954331135538,35.0249957046895));
#2314=CARTESIAN_POINT('',(188.25,-80.9483855007975,32.6101811389669));
#2315=CARTESIAN_POINT('Origin',(188.25,-77.7317298083975,36.0602718850996));
#2316=CARTESIAN_POINT('Origin',(172.249999642372,-80.9483855007975,32.6101811389669));
#2317=CARTESIAN_POINT('',(172.249999642372,-74.7987042506039,9.65925826289071));
#2318=CARTESIAN_POINT('',(160.687499821186,-74.7987042506039,9.65925826289071));
#2319=CARTESIAN_POINT('',(172.249999642372,-81.5954331135538,35.0249957046895));
#2320=CARTESIAN_POINT('',(172.249999642372,-80.9483855007975,32.6101811389669));
#2321=CARTESIAN_POINT('',(160.687499821186,-81.5954331135538,35.0249957046895));
#2322=CARTESIAN_POINT('Origin',(172.249999642372,-77.0846821956412,33.6454573193769));
#2323=CARTESIAN_POINT('Origin',(172.249999642372,-70.6575995289636,9.65925826289071));
#2324=CARTESIAN_POINT('Origin',(172.249999642372,-77.7317298083975,36.0602718850996));
#2325=CARTESIAN_POINT('Origin',(104.,-145.784210018721,15.2374743187833));
#2326=CARTESIAN_POINT('',(104.,-144.289531531338,9.6592582628907));
#2327=CARTESIAN_POINT('',(104.,-144.421029311534,9.6592582628907));
#2328=CARTESIAN_POINT('',(104.,-126.668024496165,9.6592582628907));
#2329=CARTESIAN_POINT('',(104.,-146.431257631477,17.652288884506));
#2330=CARTESIAN_POINT('',(104.,-145.784210018721,15.2374743187833));
#2331=CARTESIAN_POINT('',(104.,-146.553946730671,17.6194144394569));
#2332=CARTESIAN_POINT('',(104.,-128.321121573668,22.5048852160136));
#2333=CARTESIAN_POINT('',(104.,-145.906899117914,15.2045998737343));
#2334=CARTESIAN_POINT('Origin',(102.,-145.784210018721,15.2374743187833));
#2335=CARTESIAN_POINT('',(102.500000752509,-142.284728029762,9.6592582628907));
#2336=CARTESIAN_POINT('Origin',(102.,-144.289531531338,9.6592582628907));
#2337=CARTESIAN_POINT('',(102.500000752509,-144.560750499709,18.1534897598999));
#2338=CARTESIAN_POINT('',(102.500000752509,-143.913702886953,15.7386751941773));
#2339=CARTESIAN_POINT('Origin',(102.,-146.431257631477,17.6522888845061));
#2340=CARTESIAN_POINT('Origin',(103.000001505017,-142.043195755185,16.2398760695712));
#2341=CARTESIAN_POINT('',(101.000001505017,-140.279924528187,9.6592582628907));
#2342=CARTESIAN_POINT('Origin',(103.000001505017,-140.279924528187,9.6592582628907));
#2343=CARTESIAN_POINT('',(101.000001505017,-142.690243367941,18.6546906352938));
#2344=CARTESIAN_POINT('',(101.000001505017,-142.043195755185,16.2398760695712));
#2345=CARTESIAN_POINT('Origin',(103.000001505017,-142.690243367941,18.6546906352939));
#2346=CARTESIAN_POINT('Origin',(101.000001505017,-132.261248249166,18.8609410042125));
#2347=CARTESIAN_POINT('',(101.000001505017,-129.795664789621,9.6592582628907));
#2348=CARTESIAN_POINT('',(101.000001505017,-119.906543611388,9.6592582628907));
#2349=CARTESIAN_POINT('',(101.000001505017,-132.908295861922,21.2757555699352));
#2350=CARTESIAN_POINT('',(101.000001505017,-132.261248249166,18.8609410042125));
#2351=CARTESIAN_POINT('',(101.000001505017,-121.559640688891,24.3166185587282));
#2352=CARTESIAN_POINT('Origin',(103.000001505017,-132.261248249166,18.8609410042125));
#2353=CARTESIAN_POINT('',(102.500000752509,-127.790861288046,9.6592582628907));
#2354=CARTESIAN_POINT('Origin',(103.000001505017,-129.795664789621,9.6592582628907));
#2355=CARTESIAN_POINT('',(102.500000752509,-131.037788730154,21.7769564453291));
#2356=CARTESIAN_POINT('',(102.500000752509,-130.390741117398,19.3621418796064));
#2357=CARTESIAN_POINT('Origin',(103.000001505017,-132.908295861922,21.2757555699352));
#2358=CARTESIAN_POINT('Origin',(102.,-128.52023398563,19.8633427550003));
#2359=CARTESIAN_POINT('',(104.,-125.78605778647,9.6592582628907));
#2360=CARTESIAN_POINT('Origin',(102.,-125.78605778647,9.6592582628907));
#2361=CARTESIAN_POINT('',(104.,-129.167281598386,22.278157320723));
#2362=CARTESIAN_POINT('',(104.,-128.52023398563,19.8633427550003));
#2363=CARTESIAN_POINT('Origin',(102.,-129.167281598386,22.278157320723));
#2364=CARTESIAN_POINT('Origin',(104.,-86.1564175554999,31.2146931557539));
#2365=CARTESIAN_POINT('',(104.,-80.3806561834555,9.65925826289071));
#2366=CARTESIAN_POINT('',(104.,-96.854128264555,9.65925826289071));
#2367=CARTESIAN_POINT('',(104.,-86.8034651682562,33.6295077214766));
#2368=CARTESIAN_POINT('',(104.,-86.1564175554999,31.2146931557539));
#2369=CARTESIAN_POINT('',(104.,-98.5072253420579,30.4934946344989));
#2370=CARTESIAN_POINT('Origin',(108.,-86.1564175554999,31.214693155754));
#2371=CARTESIAN_POINT('',(108.,-76.2395514618152,9.65925826289071));
#2372=CARTESIAN_POINT('Origin',(108.,-80.3806561834555,9.65925826289071));
#2373=CARTESIAN_POINT('',(108.,-82.9397618630999,34.6647839018867));
#2374=CARTESIAN_POINT('',(108.,-82.2927142503436,32.249969336164));
#2375=CARTESIAN_POINT('Origin',(108.,-86.8034651682562,33.6295077214766));
#2376=CARTESIAN_POINT('Origin',(190.25,-82.2927142503436,32.249969336164));
#2377=CARTESIAN_POINT('',(190.25,-76.2395514618152,9.65925826289071));
#2378=CARTESIAN_POINT('',(169.6875,-76.2395514618152,9.65925826289071));
#2379=CARTESIAN_POINT('',(190.25,-82.9397618630999,34.6647839018867));
#2380=CARTESIAN_POINT('',(190.25,-82.2927142503436,32.249969336164));
#2381=CARTESIAN_POINT('',(169.6875,-82.9397618630999,34.6647839018867));
#2382=CARTESIAN_POINT('Origin',(190.25,-86.1564175554999,31.214693155754));
#2383=CARTESIAN_POINT('',(194.25,-80.3806561834555,9.65925826289071));
#2384=CARTESIAN_POINT('Origin',(190.25,-80.3806561834555,9.65925826289071));
#2385=CARTESIAN_POINT('',(194.25,-86.8034651682562,33.6295077214766));
#2386=CARTESIAN_POINT('',(194.25,-86.1564175554999,31.2146931557539));
#2387=CARTESIAN_POINT('Origin',(190.25,-86.8034651682562,33.6295077214766));
#2388=CARTESIAN_POINT('Origin',(194.25,-113.812293320428,23.804323578566));
#2389=CARTESIAN_POINT('',(194.25,-110.022134492207,9.6592582628907));
#2390=CARTESIAN_POINT('',(194.25,-110.682066147019,9.6592582628907));
#2391=CARTESIAN_POINT('',(194.25,-114.459340933184,26.2191381442887));
#2392=CARTESIAN_POINT('',(194.25,-113.812293320428,23.804323578566));
#2393=CARTESIAN_POINT('',(194.25,-112.335163224522,26.788309845905));
#2394=CARTESIAN_POINT('Origin',(198.25,-113.812293320428,23.804323578566));
#2395=CARTESIAN_POINT('',(195.625001467764,-113.146779585369,9.6592582628907));
#2396=CARTESIAN_POINT('Origin',(198.25,-110.022134492207,9.6592582628907));
#2397=CARTESIAN_POINT('',(195.625001467764,-117.374674494009,25.4379768709983));
#2398=CARTESIAN_POINT('',(195.625001467764,-116.727626881253,23.0231623052756));
#2399=CARTESIAN_POINT('Origin',(198.25,-114.459340933184,26.2191381442887));
#2400=CARTESIAN_POINT('Origin',(193.000002935529,-119.642960442078,22.2420010319852));
#2401=CARTESIAN_POINT('',(197.000002935529,-116.27142467853,9.6592582628907));
#2402=CARTESIAN_POINT('Origin',(193.000002935529,-116.27142467853,9.6592582628907));
#2403=CARTESIAN_POINT('',(197.000002935529,-120.290008054834,24.6568155977079));
#2404=CARTESIAN_POINT('',(197.000002935529,-119.642960442078,22.2420010319852));
#2405=CARTESIAN_POINT('Origin',(193.000002935529,-120.290008054834,24.6568155977079));
#2406=CARTESIAN_POINT('Origin',(197.000002935529,-128.13442590097,19.9667197197182));
#2407=CARTESIAN_POINT('',(197.000002935529,-125.372549927598,9.6592582628907));
#2408=CARTESIAN_POINT('',(197.000002935529,-117.84313243729,9.6592582628907));
#2409=CARTESIAN_POINT('',(197.000002935529,-128.781473513727,22.3815342854409));
#2410=CARTESIAN_POINT('',(197.000002935529,-128.13442590097,19.9667197197182));
#2411=CARTESIAN_POINT('',(197.000002935529,-119.496229514793,24.8695079164811));
#2412=CARTESIAN_POINT('Origin',(193.000002935529,-128.13442590097,19.9667197197182));
#2413=CARTESIAN_POINT('',(195.625001467764,-128.49719502076,9.6592582628907));
#2414=CARTESIAN_POINT('Origin',(193.000002935529,-125.372549927598,9.6592582628907));
#2415=CARTESIAN_POINT('',(195.625001467764,-131.696807074552,21.6003730121505));
#2416=CARTESIAN_POINT('',(195.625001467764,-131.049759461795,19.1855584464278));
#2417=CARTESIAN_POINT('Origin',(193.000002935529,-128.781473513727,22.3815342854409));
#2418=CARTESIAN_POINT('Origin',(198.25,-133.96509302262,18.4043971731374));
#2419=CARTESIAN_POINT('',(194.25,-131.621840113922,9.6592582628907));
#2420=CARTESIAN_POINT('Origin',(198.25,-131.621840113922,9.6592582628907));
#2421=CARTESIAN_POINT('',(194.25,-134.612140635376,20.8192117388601));
#2422=CARTESIAN_POINT('',(194.25,-133.96509302262,18.4043971731374));
#2423=CARTESIAN_POINT('Origin',(198.25,-134.612140635376,20.8192117388602));
#2424=CARTESIAN_POINT('Origin',(194.25,-143.975047465336,15.7222379639393));
#2425=CARTESIAN_POINT('',(194.25,-142.350476950714,9.6592582628907));
#2426=CARTESIAN_POINT('',(194.25,-125.763443219473,9.6592582628907));
#2427=CARTESIAN_POINT('',(194.25,-144.622095078093,18.137052529662));
#2428=CARTESIAN_POINT('',(194.25,-143.975047465336,15.7222379639393));
#2429=CARTESIAN_POINT('',(194.25,-127.416540296976,22.7472670385916));
#2430=CARTESIAN_POINT('Origin',(190.25,-143.975047465336,15.7222379639393));
#2431=CARTESIAN_POINT('',(190.25,-146.491581672354,9.6592582628907));
#2432=CARTESIAN_POINT('Origin',(190.25,-142.350476950714,9.6592582628907));
#2433=CARTESIAN_POINT('',(190.25,-148.485798383249,17.1017763492519));
#2434=CARTESIAN_POINT('',(190.25,-147.838750770493,14.6869617835292));
#2435=CARTESIAN_POINT('Origin',(190.25,-144.622095078093,18.137052529662));
#2436=CARTESIAN_POINT('Origin',(167.438737928588,-147.838750770493,14.6869617835292));
#2437=CARTESIAN_POINT('',(167.438737928588,-146.491581672354,9.6592582628907));
#2438=CARTESIAN_POINT('',(158.281868964294,-146.491581672354,9.6592582628907));
#2439=CARTESIAN_POINT('',(167.438737928588,-148.485798383249,17.1017763492519));
#2440=CARTESIAN_POINT('',(167.438737928588,-147.838750770493,14.6869617835292));
#2441=CARTESIAN_POINT('',(158.281868964294,-148.485798383249,17.1017763492519));
#2442=CARTESIAN_POINT('Origin',(167.438737928588,-151.702454075649,13.6516856031192));
#2443=CARTESIAN_POINT('',(163.974636296244,-148.562134064028,9.6592582628907));
#2444=CARTESIAN_POINT('Origin',(167.438737928588,-150.632686393995,9.6592582628907));
#2445=CARTESIAN_POINT('',(163.974636296244,-150.417650064614,16.5841382513334));
#2446=CARTESIAN_POINT('',(163.974636296244,-149.770602451858,14.1693236856108));
#2447=CARTESIAN_POINT('Origin',(167.438737928588,-152.349501688405,16.0665001688419));
#2448=CARTESIAN_POINT('Origin',(160.5105346639,-147.838750828066,14.6869617681024));
#2449=CARTESIAN_POINT('',(160.5105346639,-150.632686455702,9.6592582628907));
#2450=CARTESIAN_POINT('Origin',(160.5105346639,-146.491581734062,9.6592582628907));
#2451=CARTESIAN_POINT('',(160.5105346639,-152.349501745979,16.066500153415));
#2452=CARTESIAN_POINT('',(160.5105346639,-151.702454133223,13.6516855876923));
#2453=CARTESIAN_POINT('Origin',(160.5105346639,-148.485798440823,17.1017763338251));
#2454=CARTESIAN_POINT('Origin',(133.00000192225,-151.702454133223,13.6516855876923));
#2455=CARTESIAN_POINT('',(133.00000192225,-150.632686455702,9.6592582628907));
#2456=CARTESIAN_POINT('',(141.062500961125,-150.632686455702,9.6592582628907));
#2457=CARTESIAN_POINT('',(133.00000192225,-152.349501745979,16.066500153415));
#2458=CARTESIAN_POINT('',(133.00000192225,-151.702454133223,13.6516855876923));
#2459=CARTESIAN_POINT('',(141.062500961125,-152.349501745979,16.066500153415));
#2460=CARTESIAN_POINT('Origin',(133.00000192225,-147.838750828066,14.6869617681024));
#2461=CARTESIAN_POINT('',(129.535900304921,-148.562134090954,9.6592582628907));
#2462=CARTESIAN_POINT('Origin',(133.00000192225,-146.491581734062,9.6592582628907));
#2463=CARTESIAN_POINT('',(129.535900304921,-150.417650089736,16.584138244602));
#2464=CARTESIAN_POINT('',(129.535900304921,-149.770602476979,14.1693236788794));
#2465=CARTESIAN_POINT('Origin',(133.00000192225,-148.485798440823,17.1017763338251));
#2466=CARTESIAN_POINT('Origin',(126.071798687593,-151.702454125893,13.6516855896563));
#2467=CARTESIAN_POINT('',(126.071798697959,-146.491581726206,9.6592582628907));
#2468=CARTESIAN_POINT('Origin',(126.071798687593,-150.632686447846,9.6592582628907));
#2469=CARTESIAN_POINT('',(126.071798697959,-148.485798433493,17.1017763357891));
#2470=CARTESIAN_POINT('',(126.071798697959,-147.838750820736,14.6869617700664));
#2471=CARTESIAN_POINT('Origin',(126.071798687593,-152.349501738649,16.0665001553791));
#2472=CARTESIAN_POINT('Origin',(106.,-147.838750770493,14.6869617835292));
#2473=CARTESIAN_POINT('',(106.,-146.491581672354,9.6592582628907));
#2474=CARTESIAN_POINT('',(127.562499949571,-146.491581730205,9.6592582628907));
#2475=CARTESIAN_POINT('',(106.,-148.485798383249,17.1017763492519));
#2476=CARTESIAN_POINT('',(106.,-147.838750770493,14.6869617835292));
#2477=CARTESIAN_POINT('',(127.562499948656,-148.485798437224,17.1017763347893));
#2478=CARTESIAN_POINT('Origin',(106.,-145.906899117914,15.2045998737343));
#2479=CARTESIAN_POINT('Origin',(106.,-144.421029311534,9.6592582628907));
#2480=CARTESIAN_POINT('Origin',(106.,-146.553946730671,17.619414439457));
#2481=CARTESIAN_POINT('Origin',(149.125,-112.28153787668,35.0848881578338));
#2482=CARTESIAN_POINT('',(203.25,-159.249681179986,22.4998120897237));
#2483=CARTESIAN_POINT('',(203.25,-65.3133945733737,47.6699642259439));
#2484=CARTESIAN_POINT('',(203.25,-159.249681179986,22.4998120897237));
#2485=CARTESIAN_POINT('',(199.25,-61.4496912682175,48.7052404063539));
#2486=CARTESIAN_POINT('Origin',(199.25,-65.3133945733738,47.6699642259439));
#2487=CARTESIAN_POINT('',(99.,-61.4496912682175,48.7052404063539));
#2488=CARTESIAN_POINT('',(199.25,-61.4496912682175,48.705240406354));
#2489=CARTESIAN_POINT('',(95.,-65.3133945733737,47.6699642259439));
#2490=CARTESIAN_POINT('Origin',(99.,-65.3133945733738,47.6699642259439));
#2491=CARTESIAN_POINT('',(95.,-159.249681179986,22.4998120897237));
#2492=CARTESIAN_POINT('',(95.,-65.3133945733738,47.6699642259439));
#2493=CARTESIAN_POINT('',(99.,-163.113384485142,21.4645359093136));
#2494=CARTESIAN_POINT('Origin',(99.,-159.249681179986,22.4998120897237));
#2495=CARTESIAN_POINT('',(199.25,-163.113384485142,21.4645359093136));
#2496=CARTESIAN_POINT('',(99.,-163.113384485142,21.4645359093136));
#2497=CARTESIAN_POINT('Origin',(199.25,-159.249681179986,22.4998120897237));
#2498=CARTESIAN_POINT('',(199.25,-155.385977874829,23.5350882701338));
#2499=CARTESIAN_POINT('',(195.25,-159.249681179986,22.4998120897237));
#2500=CARTESIAN_POINT('Origin',(195.25,-155.38597787483,23.5350882701338));
#2501=CARTESIAN_POINT('',(103.,-159.249681179986,22.4998120897237));
#2502=CARTESIAN_POINT('',(195.25,-159.249681179986,22.4998120897237));
#2503=CARTESIAN_POINT('',(99.,-155.385977874829,23.5350882701338));
#2504=CARTESIAN_POINT('Origin',(103.,-155.385977874829,23.5350882701338));
#2505=CARTESIAN_POINT('',(99.,-69.17709787853,46.6346880455338));
#2506=CARTESIAN_POINT('',(99.,-155.385977874829,23.5350882701338));
#2507=CARTESIAN_POINT('',(103.,-65.3133945733737,47.6699642259439));
#2508=CARTESIAN_POINT('Origin',(103.,-69.17709787853,46.6346880455338));
#2509=CARTESIAN_POINT('',(195.25,-65.3133945733738,47.6699642259439));
#2510=CARTESIAN_POINT('',(103.,-65.3133945733738,47.6699642259439));
#2511=CARTESIAN_POINT('',(199.25,-69.17709787853,46.6346880455338));
#2512=CARTESIAN_POINT('Origin',(195.25,-69.17709787853,46.6346880455338));
#2513=CARTESIAN_POINT('',(199.25,-69.17709787853,46.6346880455338));
#2514=CARTESIAN_POINT('Origin',(199.25,-67.1065455177099,38.9072814352212));
#2515=CARTESIAN_POINT('',(199.25,-153.315425514009,15.8076816598212));
#2516=CARTESIAN_POINT('',(199.25,-67.1065455177099,38.9072814352212));
#2517=CARTESIAN_POINT('',(199.25,-88.6587655167848,33.1323814913712));
#2518=CARTESIAN_POINT('',(199.25,-153.315425514009,15.8076816598212));
#2519=CARTESIAN_POINT('',(199.25,-67.1065455177099,38.9072814352212));
#2520=CARTESIAN_POINT('Origin',(195.25,-67.1065455177099,38.9072814352212));
#2521=CARTESIAN_POINT('',(195.25,-63.2428422125536,39.9425576156313));
#2522=CARTESIAN_POINT('Origin',(195.25,-67.1065455177099,38.9072814352212));
#2523=CARTESIAN_POINT('',(195.25,-63.2428422125536,39.9425576156313));
#2524=CARTESIAN_POINT('Origin',(103.,-63.2428422125536,39.9425576156313));
#2525=CARTESIAN_POINT('',(103.,-63.2428422125536,39.9425576156313));
#2526=CARTESIAN_POINT('',(126.0625,-63.2428422125536,39.9425576156313));
#2527=CARTESIAN_POINT('',(103.,-63.2428422125536,39.9425576156313));
#2528=CARTESIAN_POINT('Origin',(103.,-67.1065455177099,38.9072814352212));
#2529=CARTESIAN_POINT('',(99.,-67.1065455177099,38.9072814352212));
#2530=CARTESIAN_POINT('Origin',(103.,-67.1065455177099,38.9072814352212));
#2531=CARTESIAN_POINT('',(99.,-67.1065455177099,38.9072814352212));
#2532=CARTESIAN_POINT('Origin',(99.,-153.315425514009,15.8076816598212));
#2533=CARTESIAN_POINT('',(99.,-153.315425514009,15.8076816598212));
#2534=CARTESIAN_POINT('',(99.,-131.763205514934,21.5825816036712));
#2535=CARTESIAN_POINT('',(99.,-153.315425514009,15.8076816598212));
#2536=CARTESIAN_POINT('Origin',(103.,-153.315425514009,15.8076816598212));
#2537=CARTESIAN_POINT('',(103.,-157.179128819166,14.7724054794111));
#2538=CARTESIAN_POINT('Origin',(103.,-153.315425514009,15.8076816598213));
#2539=CARTESIAN_POINT('',(103.,-157.179128819166,14.7724054794111));
#2540=CARTESIAN_POINT('Origin',(195.25,-157.179128819166,14.7724054794111));
#2541=CARTESIAN_POINT('',(195.25,-157.179128819166,14.7724054794111));
#2542=CARTESIAN_POINT('',(172.1875,-157.179128819166,14.7724054794111));
#2543=CARTESIAN_POINT('',(195.25,-157.179128819166,14.7724054794111));
#2544=CARTESIAN_POINT('Origin',(195.25,-153.315425514009,15.8076816598212));
#2545=CARTESIAN_POINT('Origin',(195.25,-153.315425514009,15.8076816598213));
#2546=CARTESIAN_POINT('Origin',(103.499999,-152.832462600865,15.9370911823725));
#2547=CARTESIAN_POINT('',(102.599999,-154.903014961685,23.664497792685));
#2548=CARTESIAN_POINT('Origin',(103.499999,-154.903014961685,23.6644977926851));
#2549=CARTESIAN_POINT('',(102.599999,-154.126557826377,20.7667203138178));
#2550=CARTESIAN_POINT('',(102.599999,-152.832462600865,15.9370911823725));
#2551=CARTESIAN_POINT('Origin',(103.499999,-154.126557826377,20.7667203138178));
#2552=CARTESIAN_POINT('Origin',(149.125,-112.28153787668,35.0848881578338));
#2553=CARTESIAN_POINT('Origin',(194.499999,-67.8309898874268,38.7131671513944));
#2554=CARTESIAN_POINT('',(193.599999,-69.9015422482469,46.4405737617069));
#2555=CARTESIAN_POINT('Origin',(194.499999,-69.901542248247,46.4405737617069));
#2556=CARTESIAN_POINT('',(193.599999,-69.1250851129394,43.5427962828397));
#2557=CARTESIAN_POINT('',(193.599999,-67.8309898874268,38.7131671513944));
#2558=CARTESIAN_POINT('Origin',(194.499999,-69.1250851129394,43.5427962828397));
#2559=CARTESIAN_POINT('Origin',(149.125,-112.28153787668,35.0848881578338));
#2560=CARTESIAN_POINT('Origin',(103.499999,-67.8309898874268,38.7131671513944));
#2561=CARTESIAN_POINT('',(102.599999,-69.9015422482469,46.4405737617069));
#2562=CARTESIAN_POINT('Origin',(103.499999,-69.901542248247,46.4405737617069));
#2563=CARTESIAN_POINT('',(102.599999,-69.1250851129394,43.5427962828397));
#2564=CARTESIAN_POINT('',(102.599999,-67.8309898874268,38.7131671513944));
#2565=CARTESIAN_POINT('Origin',(103.499999,-69.1250851129394,43.5427962828397));
#2566=CARTESIAN_POINT('Origin',(149.125,-112.28153787668,35.0848881578338));
#2567=CARTESIAN_POINT('Origin',(194.499999,-152.832462600865,15.9370911823725));
#2568=CARTESIAN_POINT('',(193.599999,-154.903014961685,23.664497792685));
#2569=CARTESIAN_POINT('Origin',(194.499999,-154.903014961685,23.6644977926851));
#2570=CARTESIAN_POINT('',(193.599999,-154.126557826377,20.7667203138178));
#2571=CARTESIAN_POINT('',(193.599999,-152.832462600865,15.9370911823725));
#2572=CARTESIAN_POINT('Origin',(194.499999,-154.126557826377,20.7667203138178));
#2573=CARTESIAN_POINT('Origin',(149.125,-112.28153787668,35.0848881578338));
#2574=CARTESIAN_POINT('Origin',(194.499999,-67.8309898874268,38.7131671513943));
#2575=CARTESIAN_POINT('',(192.145323,-69.1250851129394,43.5427962828396));
#2576=CARTESIAN_POINT('Origin',(194.499999,-69.1250851129394,43.5427962828396));
#2577=CARTESIAN_POINT('',(192.145323,-67.8309898874268,38.7131671513943));
#2578=CARTESIAN_POINT('',(192.145323,-67.8309898874268,38.7131671513943));
#2579=CARTESIAN_POINT('Origin',(194.499999,-67.8309898874268,38.7131671513943));
#2580=CARTESIAN_POINT('Origin',(194.499999,-69.1250851129394,43.5427962828396));
#2581=CARTESIAN_POINT('Origin',(149.125,-110.21098551586,27.3574815475212));
#2582=CARTESIAN_POINT('',(101.145323,-67.8309898874268,38.7131671513943));
#2583=CARTESIAN_POINT('Origin',(103.499999,-67.8309898874268,38.7131671513944));
#2584=CARTESIAN_POINT('',(159.94,-75.4351443623047,36.6756401007293));
#2585=CARTESIAN_POINT('',(138.74,-75.4351443623047,36.6756401007293));
#2586=CARTESIAN_POINT('',(154.5325,-75.4351443623047,36.6756401007293));
#2587=CARTESIAN_POINT('',(136.74,-73.5032927097265,37.1932781909343));
#2588=CARTESIAN_POINT('Origin',(138.74,-73.5032927097265,37.1932781909343));
#2589=CARTESIAN_POINT('',(136.74,-69.6395894045702,38.2285543713444));
#2590=CARTESIAN_POINT('',(136.74,-91.8571391127931,32.2753798692278));
#2591=CARTESIAN_POINT('',(138.74,-67.7077377519921,38.7461924615494));
#2592=CARTESIAN_POINT('Origin',(138.74,-69.6395894045702,38.2285543713444));
#2593=CARTESIAN_POINT('',(159.94,-67.7077377519921,38.7461924615494));
#2594=CARTESIAN_POINT('',(143.9325,-67.7077377519921,38.7461924615494));
#2595=CARTESIAN_POINT('',(161.94,-69.6395894045702,38.2285543713444));
#2596=CARTESIAN_POINT('Origin',(159.94,-69.6395894045702,38.2285543713444));
#2597=CARTESIAN_POINT('',(161.94,-73.5032927097265,37.1932781909343));
#2598=CARTESIAN_POINT('',(161.94,-89.9252874602149,32.7930179594328));
#2599=CARTESIAN_POINT('Origin',(159.94,-73.5032927097265,37.1932781909343));
#2600=CARTESIAN_POINT('',(192.145323,-152.832462600865,15.9370911823724));
#2601=CARTESIAN_POINT('Origin',(194.499999,-152.832462600865,15.9370911823725));
#2602=CARTESIAN_POINT('',(101.145323,-152.832462600865,15.9370911823724));
#2603=CARTESIAN_POINT('Origin',(103.499999,-152.832462600865,15.9370911823725));
#2604=CARTESIAN_POINT('Origin',(103.499999,-152.832462600865,15.9370911823724));
#2605=CARTESIAN_POINT('',(101.145323,-154.126557826377,20.7667203138178));
#2606=CARTESIAN_POINT('Origin',(103.499999,-154.126557826377,20.7667203138178));
#2607=CARTESIAN_POINT('',(101.145323,-152.832462600865,15.9370911823724));
#2608=CARTESIAN_POINT('Origin',(103.499999,-154.126557826377,20.7667203138178));
#2609=CARTESIAN_POINT('Origin',(103.499999,-67.8309898874268,38.7131671513943));
#2610=CARTESIAN_POINT('',(101.145323,-69.1250851129394,43.5427962828396));
#2611=CARTESIAN_POINT('Origin',(103.499999,-69.1250851129394,43.5427962828397));
#2612=CARTESIAN_POINT('',(101.145323,-67.8309898874268,38.7131671513943));
#2613=CARTESIAN_POINT('Origin',(103.499999,-69.1250851129394,43.5427962828397));
#2614=CARTESIAN_POINT('Origin',(194.499999,-152.832462600865,15.9370911823724));
#2615=CARTESIAN_POINT('',(192.145323,-154.126557826377,20.7667203138178));
#2616=CARTESIAN_POINT('Origin',(194.499999,-154.126557826377,20.7667203138178));
#2617=CARTESIAN_POINT('',(192.145323,-152.832462600865,15.9370911823724));
#2618=CARTESIAN_POINT('Origin',(194.499999,-154.126557826377,20.7667203138178));
#2619=CARTESIAN_POINT('Origin',(138.74,-67.7077377519921,38.7461924615494));
#2620=CARTESIAN_POINT('',(159.94,-59.9139172231643,9.65925826289071));
#2621=CARTESIAN_POINT('',(138.74,-59.9139172231643,9.65925826289071));
#2622=CARTESIAN_POINT('',(143.9325,-59.9139172231643,9.65925826289071));
#2623=CARTESIAN_POINT('',(159.94,-67.7077377519921,38.7461924615494));
#2624=CARTESIAN_POINT('',(138.74,-67.7077377519921,38.7461924615494));
#2625=CARTESIAN_POINT('Origin',(138.74,-69.6395894045702,38.2285543713444));
#2626=CARTESIAN_POINT('',(136.74,-61.9844695839845,9.65925826289071));
#2627=CARTESIAN_POINT('Origin',(138.74,-61.9844695839845,9.65925826289071));
#2628=CARTESIAN_POINT('',(136.74,-69.6395894045702,38.2285543713444));
#2629=CARTESIAN_POINT('Origin',(136.74,-73.5032927097265,37.1932781909343));
#2630=CARTESIAN_POINT('',(136.74,-66.1255743056248,9.65925826289071));
#2631=CARTESIAN_POINT('',(136.74,-90.5275658416683,9.65925826289071));
#2632=CARTESIAN_POINT('',(136.74,-73.5032927097265,37.1932781909343));
#2633=CARTESIAN_POINT('Origin',(138.74,-73.5032927097265,37.1932781909343));
#2634=CARTESIAN_POINT('',(138.74,-68.196126666445,9.65925826289071));
#2635=CARTESIAN_POINT('Origin',(138.74,-66.1255743056248,9.65925826289071));
#2636=CARTESIAN_POINT('',(138.74,-75.4351443623047,36.6756401007293));
#2637=CARTESIAN_POINT('Origin',(159.94,-75.4351443623047,36.6756401007293));
#2638=CARTESIAN_POINT('',(159.94,-68.196126666445,9.65925826289071));
#2639=CARTESIAN_POINT('',(154.5325,-68.196126666445,9.65925826289071));
#2640=CARTESIAN_POINT('',(159.94,-75.4351443623047,36.6756401007293));
#2641=CARTESIAN_POINT('Origin',(159.94,-73.5032927097265,37.1932781909343));
#2642=CARTESIAN_POINT('',(161.94,-66.1255743056248,9.65925826289071));
#2643=CARTESIAN_POINT('Origin',(159.94,-66.1255743056248,9.65925826289071));
#2644=CARTESIAN_POINT('',(161.94,-73.5032927097265,37.1932781909343));
#2645=CARTESIAN_POINT('Origin',(161.94,-69.6395894045702,38.2285543713444));
#2646=CARTESIAN_POINT('',(161.94,-61.9844695839845,9.65925826289071));
#2647=CARTESIAN_POINT('',(161.94,-88.5957141890902,9.65925826289071));
#2648=CARTESIAN_POINT('',(161.94,-69.6395894045702,38.2285543713444));
#2649=CARTESIAN_POINT('Origin',(159.94,-69.6395894045702,38.2285543713444));
#2650=CARTESIAN_POINT('Origin',(159.94,-61.9844695839845,9.65925826289071));
#2651=CARTESIAN_POINT('Origin',(203.25,-156.532081206409,12.3575909136885));
#2652=CARTESIAN_POINT('',(203.25,-55.1284566068369,9.65925826289071));
#2653=CARTESIAN_POINT('',(203.25,-155.809065151718,9.6592582628907));
#2654=CARTESIAN_POINT('',(203.25,-132.04196009001,9.6592582628907));
#2655=CARTESIAN_POINT('',(203.25,-62.5957945997974,37.5277430499086));
#2656=CARTESIAN_POINT('',(203.25,-156.532081206409,12.3575909136885));
#2657=CARTESIAN_POINT('Origin',(199.25,-156.532081206409,12.3575909136885));
#2658=CARTESIAN_POINT('',(199.25,-159.950169873358,9.65925826289069));
#2659=CARTESIAN_POINT('Origin',(199.25,-155.809065151718,9.6592582628907));
#2660=CARTESIAN_POINT('',(199.25,-160.395784511566,11.3223147332784));
#2661=CARTESIAN_POINT('Origin',(99.,-160.395784511566,11.3223147332784));
#2662=CARTESIAN_POINT('',(99.,-159.950169873358,9.65925826289069));
#2663=CARTESIAN_POINT('',(124.0625,-159.950169873358,9.65925826289069));
#2664=CARTESIAN_POINT('',(99.,-160.395784511566,11.3223147332784));
#2665=CARTESIAN_POINT('Origin',(99.,-156.532081206409,12.3575909136885));
#2666=CARTESIAN_POINT('',(95.,-155.809065151717,9.6592582628907));
#2667=CARTESIAN_POINT('Origin',(99.,-155.809065151717,9.6592582628907));
#2668=CARTESIAN_POINT('',(95.,-156.532081206409,12.3575909136885));
#2669=CARTESIAN_POINT('Origin',(95.,-62.5957945997973,37.5277430499086));
#2670=CARTESIAN_POINT('',(95.,-55.1284566068369,9.65925826289071));
#2671=CARTESIAN_POINT('',(95.,-85.0738167867037,9.65925826289071));
#2672=CARTESIAN_POINT('',(95.,-62.5957945997973,37.5277430499086));
#2673=CARTESIAN_POINT('Origin',(99.,-62.5957945997973,37.5277430499086));
#2674=CARTESIAN_POINT('',(99.,-50.9873518851966,9.65925826289071));
#2675=CARTESIAN_POINT('Origin',(99.,-55.1284566068369,9.65925826289071));
#2676=CARTESIAN_POINT('',(99.,-58.7320912946411,38.5630192303187));
#2677=CARTESIAN_POINT('Origin',(199.25,-58.7320912946411,38.5630192303187));
#2678=CARTESIAN_POINT('',(199.25,-50.9873518851966,9.65925826289071));
#2679=CARTESIAN_POINT('',(174.1875,-50.9873518851966,9.65925826289071));
#2680=CARTESIAN_POINT('',(199.25,-58.7320912946411,38.5630192303187));
#2681=CARTESIAN_POINT('Origin',(199.25,-62.5957945997974,37.5277430499086));
#2682=CARTESIAN_POINT('Origin',(199.25,-55.1284566068369,9.65925826289071));
#2683=CARTESIAN_POINT('Origin',(149.125,-107.55183897361,9.6592582628907));
#2684=UNCERTAINTY_MEASURE_WITH_UNIT(LENGTH_MEASURE(0.01),#2688,
'DISTANCE_ACCURACY_VALUE',
'Maximum model space distance between geometric entities at asserted c
onnectivities');
#2685=UNCERTAINTY_MEASURE_WITH_UNIT(LENGTH_MEASURE(0.01),#2688,
'DISTANCE_ACCURACY_VALUE',
'Maximum model space distance between geometric entities at asserted c
onnectivities');
#2686=(
GEOMETRIC_REPRESENTATION_CONTEXT(3)
GLOBAL_UNCERTAINTY_ASSIGNED_CONTEXT((#2684))
GLOBAL_UNIT_ASSIGNED_CONTEXT((#2688,#2690,#2691))
REPRESENTATION_CONTEXT('','3D')
);
#2687=(
GEOMETRIC_REPRESENTATION_CONTEXT(3)
GLOBAL_UNCERTAINTY_ASSIGNED_CONTEXT((#2685))
GLOBAL_UNIT_ASSIGNED_CONTEXT((#2688,#2690,#2691))
REPRESENTATION_CONTEXT('','3D')
);
#2688=(
LENGTH_UNIT()
NAMED_UNIT(*)
SI_UNIT(.MILLI.,.METRE.)
);
#2689=(
LENGTH_UNIT()
NAMED_UNIT(*)
SI_UNIT($,.METRE.)
);
#2690=(
NAMED_UNIT(*)
PLANE_ANGLE_UNIT()
SI_UNIT($,.RADIAN.)
);
#2691=(
NAMED_UNIT(*)
SI_UNIT($,.STERADIAN.)
SOLID_ANGLE_UNIT()
);
#2692=SHAPE_DEFINITION_REPRESENTATION(#2693,#2694);
#2693=PRODUCT_DEFINITION_SHAPE('',$,#2696);
#2694=SHAPE_REPRESENTATION('',(#1572),#2686);
#2695=PRODUCT_DEFINITION_CONTEXT('part definition',#2700,'design');
#2696=PRODUCT_DEFINITION('case','case',#2697,#2695);
#2697=PRODUCT_DEFINITION_FORMATION('',$,#2702);
#2698=PRODUCT_RELATED_PRODUCT_CATEGORY('case','case',(#2702));
#2699=APPLICATION_PROTOCOL_DEFINITION('international standard',
'automotive_design',2009,#2700);
#2700=APPLICATION_CONTEXT(
'Core Data for Automotive Mechanical Design Process');
#2701=PRODUCT_CONTEXT('part definition',#2700,'mechanical');
#2702=PRODUCT('case','case',$,(#2701));
#2703=PRESENTATION_STYLE_ASSIGNMENT((#2704));
#2704=SURFACE_STYLE_USAGE(.BOTH.,#2705);
#2705=SURFACE_SIDE_STYLE('',(#2706));
#2706=SURFACE_STYLE_FILL_AREA(#2707);
#2707=FILL_AREA_STYLE('Opaque(40,40,40)',(#2708));
#2708=FILL_AREA_STYLE_COLOUR('Opaque(40,40,40)',#2709);
#2709=COLOUR_RGB('Opaque(40,40,40)',0.156862745098039,0.156862745098039,
0.156862745098039);
ENDSEC;
END-ISO-10303-21;
